beta,eta,N0,g,g_hist,r_max,B_med,B_sig,intake_std,dead_time,r_imp,ceiling,oneclass_wait2027,central_std_wait2027,central_prio_wait2027,central_std_quote_dec24
3.8243,69.3283,5164.3025,0.0199,0.0943,0.1987,9.9053,0.4345,1.3428,17.7564,0.4734,3.3328,10.2731,10.8136,7.5974,9.9053
3.2274,70.1385,6598.0251,0.0205,0.0855,0.2825,8.1257,0.3585,1.1709,20.0144,0.3146,2.6570,12.3811,6.4889,11.4696,8.1257
4.4441,60.6335,6134.8388,0.0211,0.0745,0.2029,9.3899,0.2951,1.2752,25.5731,0.5205,2.8508,12.7751,13.2214,6.8279,9.3899
3.3967,62.1497,5857.7147,0.0197,0.0629,0.1767,10.1590,0.4477,1.1066,25.4770,0.5044,3.4900,11.3507,17.0360,14.2866,10.1590
4.4311,64.1058,5706.7664,0.0288,0.0775,0.2351,10.1994,0.3816,1.2193,18.2235,0.3717,3.1863,16.6837,8.6541,4.9701,10.1994
3.9727,57.0528,5986.1285,0.0154,0.0764,0.2977,10.0156,0.4475,1.3893,28.9567,0.3433,3.2326,5.1270,4.8572,10.2839,10.0156
2.9795,59.5980,5474.1174,0.0161,0.0737,0.1788,8.3517,0.2867,1.3644,22.8250,0.4790,3.2215,13.6079,11.2758,6.0021,8.3517
2.5692,68.4609,5037.1388,0.0197,0.0697,0.2222,10.1105,0.3729,1.2496,16.5696,0.3129,2.6856,13.2737,7.9110,5.8317,10.1105
3.4986,73.6393,6520.3146,0.0271,0.0522,0.2183,7.6264,0.3872,1.2728,20.1695,0.3830,3.1434,7.5668,20.3644,8.6707,7.6264
2.8978,55.0914,5569.8855,0.0247,0.0917,0.1557,7.0181,0.3387,1.2407,25.4429,0.3558,3.2779,5.1880,7.6556,10.1911,7.0181
3.8738,58.3657,5521.4741,0.0168,0.0513,0.1505,10.6533,0.2771,1.2021,24.5203,0.3811,2.6779,11.4367,11.7072,7.5603,10.6533
3.8220,70.1006,6050.9489,0.0197,0.0537,0.2177,9.9515,0.3045,1.2370,15.2836,0.5145,2.6655,13.0591,14.7996,11.7982,9.9515
3.3177,65.0703,5255.2992,0.0235,0.0782,0.1891,10.2680,0.2999,1.2460,26.4712,0.3782,3.0419,9.8473,9.0854,11.4034,10.2680
3.5100,67.2071,5348.4943,0.0170,0.0508,0.2560,9.1225,0.2911,1.3500,19.0459,0.4452,3.2433,15.4125,8.0917,6.8074,9.1225
3.9081,56.1425,4920.7020,0.0181,0.0693,0.2962,9.3417,0.3903,1.3296,22.5118,0.3389,3.0073,12.3256,8.1145,19.3830,9.3417
2.7255,72.6215,5795.0855,0.0177,0.0889,0.2118,9.6432,0.3942,1.2034,12.3983,0.4195,2.6329,9.6155,14.5471,5.8701,9.6432
3.8349,65.6890,5431.6317,0.0202,0.0920,0.2120,9.4204,0.2764,1.3068,24.6588,0.5002,2.7076,13.6681,14.9528,8.5148,9.4204
2.5967,59.4351,5005.5718,0.0219,0.0854,0.2505,9.6349,0.3217,1.3932,14.8364,0.3414,2.7101,5.9618,8.6472,7.7017,9.6349
4.1709,72.8552,6105.8572,0.0260,0.0657,0.2496,9.2111,0.3879,1.2835,20.6583,0.4356,3.2479,17.1283,9.9234,3.3613,9.2111
3.1970,69.6331,6338.5123,0.0280,0.0983,0.2868,7.7116,0.2948,1.1006,22.5170,0.3568,3.0340,10.8896,11.9135,7.1061,7.7116
3.8822,59.6945,4955.2727,0.0244,0.0877,0.2980,7.1776,0.3410,1.1091,18.7216,0.4833,2.8801,11.2080,14.7667,4.5248,7.1776
4.0200,58.1154,5611.7901,0.0252,0.0734,0.2363,7.7982,0.2541,1.1611,24.5619,0.4668,2.8413,9.8355,11.7656,7.8893,7.7982
4.3043,68.8775,6389.6511,0.0258,0.0525,0.1804,9.9492,0.3858,1.1339,21.9245,0.5267,2.8185,10.4019,13.3342,8.3256,9.9492
4.0311,69.5330,6155.2805,0.0229,0.0608,0.2943,9.5152,0.4164,1.2385,17.0502,0.5039,2.9736,9.7314,12.1632,13.1234,9.5152
3.6045,62.0453,6342.7933,0.0215,0.0844,0.2508,7.3117,0.4145,1.3599,18.5805,0.4345,3.0565,16.2953,8.7970,6.3295,7.3117
4.3475,71.6272,6440.4106,0.0254,0.0880,0.1771,8.2949,0.4238,1.2221,25.1929,0.4852,3.0240,9.3899,10.9061,15.9657,8.2949
3.4834,69.4888,5254.5192,0.0195,0.0773,0.2534,10.5270,0.3840,1.3200,14.9593,0.5364,2.5420,12.6182,13.3835,12.4867,10.5270
2.7359,69.1242,6084.8831,0.0264,0.0959,0.2901,9.0745,0.3213,1.2780,29.5751,0.3186,2.9793,14.1865,6.6366,14.0700,9.0745
4.0731,70.8621,5594.4204,0.0182,0.0980,0.2629,9.7904,0.3922,1.3760,15.5414,0.4561,2.6910,12.3609,17.1775,9.4454,9.7904
4.0303,71.0968,5779.6713,0.0272,0.0778,0.2226,8.1737,0.3306,1.2245,21.1688,0.3443,2.6165,10.6948,9.8104,6.1441,8.1737
4.4387,61.8435,5966.0301,0.0156,0.0862,0.1539,9.7416,0.4327,1.2928,25.4307,0.3557,2.5420,18.6230,6.4604,7.2213,9.7416
2.6768,74.1454,5056.1059,0.0162,0.0524,0.2524,7.5371,0.3296,1.2355,25.0556,0.4315,2.5519,8.3905,9.7174,10.5271,7.5371
4.2095,68.9077,6604.8599,0.0215,0.0648,0.2204,8.6196,0.2892,1.3534,24.7204,0.3351,2.5857,7.3623,7.4348,8.3528,8.6196
4.3776,61.9879,5260.8656,0.0235,0.0848,0.2889,8.9610,0.4073,1.2553,13.9445,0.5290,2.8862,12.8111,19.3224,13.0213,8.9610
2.6545,59.6676,5078.6900,0.0158,0.0711,0.2394,10.7544,0.3354,1.3670,28.0677,0.5005,3.2609,14.0491,13.6870,11.1505,10.7544
4.1140,62.2356,5080.6235,0.0186,0.0521,0.2478,7.7389,0.4211,1.3733,22.7751,0.4822,2.6166,13.6013,10.0234,11.1737,7.7389
3.6247,58.0724,6366.5856,0.0156,0.0671,0.2702,10.5681,0.2629,1.2993,14.6572,0.4554,3.3640,10.8404,12.3248,8.4099,10.5681
4.2361,74.3413,6420.4832,0.0184,0.0795,0.2252,9.2553,0.3741,1.3727,26.7254,0.5173,3.3720,12.4794,11.5468,7.2243,9.2553
4.0742,58.8994,6613.0096,0.0194,0.0965,0.2590,10.0812,0.3953,1.2854,26.3263,0.4370,3.3835,9.2437,16.9290,7.4553,10.0812
3.2797,69.6851,5991.3085,0.0179,0.0925,0.2414,9.1858,0.3046,1.1555,23.3628,0.5169,2.8413,9.8751,16.7246,8.3939,9.1858
3.7578,71.8145,6340.5230,0.0276,0.0855,0.2634,8.9444,0.4134,1.2925,22.5064,0.4483,2.9032,8.1363,16.7474,4.2074,8.9444
3.7914,62.0178,5903.6818,0.0171,0.0504,0.2913,8.9990,0.4386,1.1498,23.4994,0.4580,2.9464,6.5291,14.3553,8.9517,8.9990
3.3263,64.2811,6025.0134,0.0248,0.0571,0.2374,10.9817,0.3241,1.2340,16.9901,0.4690,3.3129,8.4659,13.2821,11.7835,10.9817
2.9622,68.8167,6464.9669,0.0208,0.0790,0.1516,8.4177,0.2597,1.3724,15.8212,0.4578,3.3124,10.1316,12.7592,5.9989,8.4177
2.7205,70.6518,6524.4300,0.0213,0.0787,0.2075,7.4486,0.3142,1.1489,25.5223,0.4962,3.4666,10.2984,13.1857,8.4438,7.4486
3.7379,59.6179,6258.4885,0.0151,0.0516,0.2520,8.5352,0.3979,1.1489,28.5461,0.4149,2.6088,11.7272,7.4910,7.0693,8.5352
3.4269,65.3990,6005.9156,0.0269,0.0996,0.2418,9.7452,0.2834,1.1135,24.7309,0.3360,2.7205,13.0401,17.0116,15.1619,9.7452
3.6463,64.4723,5698.4988,0.0236,0.0658,0.2984,9.9502,0.2678,1.3489,18.5341,0.3660,2.6359,12.7714,11.7691,4.7432,9.9502
2.9659,57.0152,5667.4849,0.0281,0.0851,0.1836,9.2456,0.2713,1.1531,12.3913,0.4719,3.4446,13.5070,16.2944,9.3569,9.2456
3.4556,70.3603,5464.2613,0.0172,0.0576,0.2118,7.6674,0.2530,1.2849,12.7530,0.5306,2.8634,11.4103,11.7612,6.4765,7.6674
2.9919,60.2926,5747.0020,0.0266,0.0992,0.2170,10.0331,0.3301,1.3877,28.5713,0.4720,2.6611,18.1064,10.8119,15.0733,10.0331
4.3081,72.9023,5622.3377,0.0210,0.0807,0.2182,9.4506,0.2948,1.3492,17.4597,0.5122,3.0607,12.1077,10.6230,11.4037,9.4506
2.9754,67.9134,5443.6963,0.0250,0.0991,0.2507,9.1295,0.3687,1.1345,28.7455,0.4548,2.8327,11.8034,12.9413,8.9574,9.1295
4.4794,60.1143,5344.9526,0.0252,0.0681,0.2201,7.6371,0.4106,1.2000,25.7876,0.4118,2.8890,9.3789,14.0588,4.9797,7.6371
2.8450,65.0611,5994.1893,0.0227,0.0522,0.2298,10.7171,0.3590,1.1706,16.4484,0.3579,3.3287,8.0263,18.3375,10.5466,10.7171
3.4035,64.5155,6365.7501,0.0246,0.0560,0.2958,8.5187,0.3440,1.1068,22.2040,0.3976,3.3472,7.6805,10.0265,4.7164,8.5187
4.1563,67.5079,6321.6649,0.0254,0.0605,0.2824,9.6353,0.3900,1.3542,28.8914,0.5209,2.9659,9.9395,14.5722,9.7870,9.6354
3.8839,72.6947,6618.8231,0.0167,0.0559,0.2508,9.7469,0.3963,1.1990,28.2390,0.4310,2.7349,20.4439,9.8485,15.3694,9.7469
3.8970,69.6643,5047.2421,0.0166,0.0920,0.1564,10.2574,0.2596,1.1568,13.6098,0.4522,2.5529,12.3489,11.9278,6.7937,10.2574
2.8812,67.1332,6333.6189,0.0286,0.0529,0.2345,9.3831,0.3385,1.3563,15.6000,0.4221,2.7572,9.0607,14.5047,7.6655,9.3831
2.7596,67.6317,5717.8245,0.0253,0.0587,0.2760,9.1806,0.4148,1.1200,12.1426,0.5324,2.6761,8.6994,12.4917,6.1311,9.1806
3.0566,62.9871,6246.9905,0.0225,0.0805,0.2928,8.3177,0.4475,1.3199,26.3993,0.3904,2.6961,7.6729,5.1085,4.0920,8.3177
3.1307,66.3533,6694.4136,0.0250,0.0778,0.2715,7.7726,0.4059,1.3728,23.4012,0.5376,2.7321,16.1443,14.4345,8.2447,7.7726
3.8653,59.5204,5903.3323,0.0210,0.0670,0.2634,8.6324,0.3087,1.3944,27.2052,0.5038,3.3192,13.4769,7.6994,4.4899,8.6324
3.4393,58.4846,5116.8592,0.0178,0.0938,0.2708,7.2934,0.2700,1.2922,14.0167,0.4838,3.4728,8.1674,12.9269,7.1386,7.2934
3.6508,62.7995,5733.0468,0.0255,0.0836,0.2105,7.1489,0.3421,1.3109,29.6938,0.3902,3.1754,11.5202,11.5760,11.7595,7.1489
2.8856,73.0564,6571.5767,0.0182,0.0657,0.1912,7.6788,0.3585,1.2657,12.0545,0.3206,3.1390,6.8090,10.6870,11.2531,7.6788
4.0541,62.4448,5678.0047,0.0203,0.0714,0.1650,9.8002,0.4403,1.2096,19.3626,0.5429,2.6536,6.7538,23.0654,6.6709,9.8002
3.6455,73.3084,5441.1299,0.0224,0.0585,0.1674,7.5578,0.2807,1.3075,22.0359,0.3377,2.8049,8.0795,9.2177,20.7259,7.5578
3.1818,74.8394,6670.9579,0.0156,0.0918,0.2871,10.2194,0.2614,1.2018,26.8269,0.5347,2.6381,9.0252,15.4222,8.4638,10.2194
3.9681,65.9375,5489.2468,0.0282,0.0651,0.1827,7.4131,0.4390,1.1645,16.8039,0.3087,2.8493,4.7563,8.8370,10.0132,7.4131
2.5390,56.2238,5869.2553,0.0183,0.0969,0.1605,8.4346,0.2687,1.2907,17.4144,0.5407,2.8319,10.4902,15.5606,8.6461,8.4346
3.0051,55.0456,6145.9619,0.0201,0.0706,0.2101,7.9722,0.4081,1.2002,13.8025,0.3396,2.8266,13.9566,12.1531,6.0530,7.9722
4.1627,63.3176,4976.0365,0.0213,0.0993,0.2001,10.1022,0.4030,1.1913,23.5092,0.3346,2.7650,11.8541,14.3619,18.3058,10.1022
3.4587,71.8657,6196.6531,0.0254,0.0503,0.2933,8.6758,0.3259,1.2394,18.4167,0.4690,3.4909,14.8038,10.9232,11.3757,8.6758
3.0575,64.8814,6432.8596,0.0168,0.0719,0.2851,9.5477,0.3736,1.3544,26.4131,0.3015,2.8732,12.1717,15.4410,8.9917,9.5477
2.8841,56.5221,6225.8628,0.0193,0.0898,0.2223,8.9113,0.3429,1.1648,15.2789,0.5340,3.1022,11.6186,22.2511,8.9809,8.9113
2.7876,72.8080,5354.5768,0.0251,0.0571,0.2569,9.4336,0.2981,1.2516,27.3859,0.5086,3.2888,6.6959,12.7101,9.3311,9.4336
3.3918,72.2512,5826.6320,0.0158,0.0898,0.2724,9.4889,0.3044,1.1805,20.7648,0.3226,2.9958,14.5328,13.2019,8.9510,9.4889
2.8917,61.0936,6440.7657,0.0224,0.0510,0.1917,10.0687,0.4274,1.2766,20.5234,0.3907,2.5201,12.5378,14.1556,22.4436,10.0687
3.5210,73.3368,5349.5358,0.0169,0.0806,0.2605,10.3826,0.3148,1.3353,14.8470,0.4115,3.0263,12.1533,16.9513,16.0889,10.3826
3.6654,63.1553,6194.0352,0.0180,0.0526,0.1722,10.6144,0.2690,1.2590,23.8007,0.3086,2.8639,7.0411,14.0399,9.9458,10.6144
3.0518,57.5750,5391.3159,0.0168,0.0990,0.2938,10.9223,0.4120,1.1336,26.7823,0.4742,3.2121,8.9855,11.4543,17.2526,10.9223
2.9490,70.4039,5766.2142,0.0285,0.0944,0.1546,8.5969,0.3839,1.1772,13.4212,0.4656,3.3516,17.1667,17.6943,5.8191,8.5969
4.3877,67.1235,5232.9924,0.0151,0.0813,0.2997,10.5082,0.3543,1.1981,21.8346,0.3184,2.7751,17.4211,15.1475,8.8831,10.5082
3.7839,64.8683,5260.2517,0.0215,0.0659,0.1702,9.6948,0.2918,1.1995,27.6722,0.4627,3.1102,14.8955,14.8986,10.9831,9.6948
2.8593,56.3321,5045.4690,0.0209,0.0840,0.1639,9.7840,0.4480,1.3368,19.8346,0.3548,3.4213,7.2109,14.3599,6.8086,9.7840
2.7801,61.5100,6380.2952,0.0251,0.0810,0.2826,9.1178,0.3554,1.2425,24.6450,0.3177,3.4167,16.8387,14.8141,8.8023,9.1178
3.7222,68.3578,5049.6475,0.0168,0.0601,0.1566,10.5144,0.3419,1.3780,28.5628,0.4260,3.1526,14.8460,23.2587,15.3919,10.5144
4.2954,73.2680,6714.1110,0.0239,0.0601,0.1777,10.0541,0.3535,1.2006,13.9054,0.3488,2.5026,11.6545,13.0772,12.9107,10.0541
2.6500,65.4923,6573.0186,0.0225,0.0983,0.2626,8.4841,0.2844,1.1016,14.4686,0.4147,3.1111,12.7016,18.2974,11.2565,8.4841
2.6729,58.4939,5883.4593,0.0200,0.0788,0.1938,8.1698,0.4413,1.1618,24.5976,0.5025,3.4416,8.9204,11.0365,7.8294,8.1698
3.2780,70.0270,5642.3158,0.0284,0.0669,0.2428,8.0099,0.3108,1.1514,24.4579,0.3656,3.2138,7.5795,9.6123,7.3442,8.0099
2.5540,70.7017,6015.5365,0.0193,0.0820,0.1509,9.1279,0.2630,1.1407,20.8382,0.3761,2.8596,11.0283,13.3595,7.1456,9.1279
3.7489,60.2814,6511.9490,0.0197,0.0531,0.2258,9.0653,0.3852,1.3489,17.9374,0.5216,3.4877,10.0302,20.1968,10.9805,9.0653
3.0887,70.0746,6286.3346,0.0154,0.0747,0.2225,10.6860,0.2862,1.3130,28.3492,0.4368,3.1651,10.7347,13.1872,14.5981,10.6860
3.8123,62.5045,6702.9059,0.0211,0.0677,0.2952,9.3796,0.2580,1.1701,20.9988,0.3171,3.1043,7.3647,11.1837,6.8636,9.3796
3.3475,69.1067,5999.7179,0.0253,0.0708,0.2503,10.2388,0.2944,1.2479,14.6530,0.4236,3.1986,10.4147,13.6198,15.2617,10.2388
4.2071,60.1839,5381.7225,0.0181,0.0716,0.1789,8.0643,0.3050,1.2135,20.1685,0.3055,2.8557,7.3796,9.7199,5.9013,8.0643
3.8739,63.4857,4906.7739,0.0185,0.0633,0.2516,9.3983,0.2561,1.2630,22.5740,0.3185,2.7506,6.5432,10.3776,7.7461,9.3983
3.8461,63.5423,6727.6544,0.0290,0.0766,0.1830,9.9927,0.3170,1.1471,13.8952,0.4600,3.3718,11.5226,21.2660,10.4683,9.9927
3.5812,68.6488,6671.1389,0.0233,0.0843,0.2998,9.9122,0.2544,1.1107,16.4075,0.5114,3.1006,16.4652,17.6599,9.0988,9.9122
3.1084,56.2507,5318.9196,0.0248,0.0836,0.1848,10.7713,0.4121,1.3078,26.1079,0.3380,2.6669,16.2940,18.8710,10.8262,10.7713
4.3608,67.9763,5109.1957,0.0260,0.0948,0.1599,10.0961,0.3922,1.3602,26.8268,0.3751,2.6491,9.6763,11.9004,11.8021,10.0961
4.2303,55.6476,6399.0654,0.0253,0.0729,0.1568,10.6963,0.2694,1.1140,22.0251,0.5228,2.7307,15.2456,21.7734,11.8865,10.6963
3.8837,59.3035,4958.4290,0.0223,0.0915,0.2354,10.8567,0.3769,1.2089,20.3481,0.3456,3.0059,11.4930,16.4934,7.5916,10.8567
4.1220,65.8080,5681.5021,0.0294,0.0812,0.2882,10.7306,0.4122,1.3175,15.5182,0.3379,3.3910,10.8454,11.2356,27.1235,10.7306
2.7313,63.4390,5140.3862,0.0164,0.0797,0.2216,10.9506,0.3292,1.3577,16.7664,0.3780,3.2329,15.3788,11.6091,17.4058,10.9506
3.9222,71.1424,5039.8583,0.0260,0.0528,0.2056,8.2761,0.2833,1.3089,16.4153,0.3908,2.6135,9.4314,10.7814,12.1820,8.2761
3.1700,56.2426,5977.2389,0.0291,0.0654,0.2206,8.1125,0.4221,1.1054,16.1016,0.5302,3.1710,10.7939,10.6303,5.0373,8.1125
4.4735,65.6274,5702.1099,0.0280,0.0640,0.2079,8.4510,0.2580,1.3481,18.0513,0.4662,2.8857,15.2422,11.3310,13.8561,8.4510
2.5500,57.9651,6336.0336,0.0239,0.0524,0.2162,9.7513,0.4063,1.1343,15.8140,0.4459,3.3168,8.9159,13.2546,7.3117,9.7513
2.8798,66.1694,5471.4671,0.0265,0.0523,0.2669,8.6700,0.4227,1.1663,12.2500,0.3785,3.4873,12.3293,14.3851,14.1374,8.6700
3.0744,74.0699,6632.2403,0.0180,0.0850,0.2843,7.8290,0.2511,1.2042,26.8732,0.5426,3.0647,12.3498,16.6204,9.1196,7.8290
2.9959,64.5508,4990.5560,0.0291,0.0779,0.1744,7.6525,0.3485,1.3462,17.3012,0.4282,2.7915,9.7353,11.2425,7.9203,7.6525
2.7517,68.0957,4999.2283,0.0289,0.0673,0.2241,8.9887,0.3205,1.3929,23.6676,0.4409,3.3868,8.9347,10.5681,4.2619,8.9887
2.5239,72.1736,5986.4180,0.0200,0.0525,0.2562,10.0878,0.2665,1.2024,18.2080,0.3161,2.9501,11.9581,13.1381,7.9858,10.0878
3.5129,66.8022,4942.5151,0.0204,0.0536,0.1717,8.4722,0.4305,1.2056,14.6418,0.5016,3.4291,9.8495,10.4395,20.0510,8.4722
2.7286,60.8937,4966.2083,0.0188,0.0611,0.2912,9.1501,0.4116,1.2467,16.9376,0.4397,2.8730,17.9720,18.7833,13.3265,9.1501
4.1195,58.2495,6261.3542,0.0222,0.0904,0.2862,7.5807,0.3191,1.2131,17.1944,0.3633,3.1178,7.1992,8.6384,7.3606,7.5807
3.8909,69.4032,5590.3057,0.0175,0.0639,0.2574,8.3076,0.3525,1.2068,13.2856,0.3955,2.7112,11.9775,11.1854,7.2225,8.3076
4.4521,65.9404,5509.6866,0.0287,0.0545,0.2588,7.3733,0.3838,1.3442,25.6845,0.4463,2.7758,7.6165,9.4482,8.4465,7.3733
3.9931,71.2921,6786.0066,0.0256,0.0973,0.2509,9.4853,0.3406,1.1027,17.0383,0.4211,2.8604,10.6538,17.8886,6.8261,9.4853
3.0523,70.2245,6562.5505,0.0152,0.0632,0.1507,9.8007,0.4246,1.3609,26.2434,0.4891,3.2533,10.1514,11.1282,24.0159,9.8007
4.3382,61.3870,5755.2944,0.0202,0.0925,0.1754,7.7420,0.3551,1.2734,13.5219,0.3037,2.8934,8.1309,11.4763,6.8724,7.7420
3.8374,61.3370,5038.5481,0.0242,0.0636,0.2072,9.1169,0.3443,1.3984,20.3048,0.3963,2.8361,9.9378,7.4738,7.0122,9.1169
4.1863,67.5975,5103.5375,0.0212,0.0895,0.2985,8.2807,0.3826,1.1869,18.9466,0.4060,3.0773,13.2913,13.7611,9.9191,8.2807
2.8649,57.7129,5221.4984,0.0193,0.0524,0.1504,7.2115,0.3279,1.3408,18.1647,0.3276,3.0972,7.3565,14.9517,4.8062,7.2115
2.8930,74.8946,5044.5181,0.0227,0.0995,0.1566,7.9476,0.4370,1.1827,27.3537,0.4951,3.3050,25.4789,14.0168,11.7813,7.9476
4.2830,70.9588,5301.4773,0.0180,0.0597,0.2508,9.4125,0.2659,1.2515,27.1835,0.4400,3.3898,13.2012,13.6402,8.0478,9.4125
4.0905,59.4417,5987.3494,0.0255,0.0930,0.2507,8.4943,0.3918,1.1122,22.0543,0.3459,3.2588,8.4676,17.2853,8.3182,8.4943
4.0881,56.1709,6554.0892,0.0232,0.0766,0.2244,7.1139,0.3861,1.3526,21.2977,0.4199,2.9299,10.2444,12.9734,6.4317,7.1139
4.2088,55.7071,5579.8858,0.0250,0.0836,0.2726,9.9800,0.4242,1.1389,17.5744,0.3079,3.0842,10.2188,10.8051,13.8325,9.9800
2.5235,64.7262,6005.6383,0.0203,0.0908,0.2497,9.6477,0.2793,1.2330,22.9530,0.3306,3.4341,10.8170,12.0848,7.3026,9.6477
4.1010,66.5722,6487.1596,0.0189,0.0511,0.1932,9.5262,0.3419,1.3138,25.0801,0.3469,2.7543,6.9423,6.4999,10.2446,9.5262
2.5323,65.1558,6070.5668,0.0226,0.0704,0.2599,9.4779,0.3619,1.3111,16.9862,0.4510,3.4144,12.0215,16.3176,6.6686,9.4779
3.8296,66.3846,6284.7220,0.0195,0.0953,0.2304,7.0594,0.3612,1.3616,25.5513,0.3478,3.0611,8.6034,3.8002,6.6703,7.0594
4.1128,55.3704,5887.6231,0.0192,0.0900,0.2437,10.6551,0.3007,1.1900,12.0472,0.5490,2.6084,21.9629,18.2910,21.2958,10.6551
4.2139,55.4517,5871.5664,0.0185,0.0959,0.2058,8.0061,0.4410,1.2196,25.7714,0.3493,2.6748,10.2230,16.8988,7.5139,8.0061
2.8008,60.3040,5018.5037,0.0205,0.0588,0.1555,9.6132,0.3430,1.2436,21.8863,0.5060,3.4631,14.2735,10.2290,6.8410,9.6132
3.8407,64.3216,5556.2013,0.0250,0.0896,0.1541,7.4163,0.3285,1.2487,26.3630,0.3168,2.8391,9.3721,9.7462,4.5122,7.4163
3.8556,68.2925,6724.1032,0.0162,0.0632,0.2130,9.8598,0.3474,1.2178,16.0174,0.4757,2.5921,21.6876,12.7274,7.7977,9.8598
3.3537,67.8358,6279.1221,0.0241,0.0783,0.2099,9.3839,0.3711,1.2051,15.5801,0.4265,2.9757,11.7858,13.4645,8.3101,9.3839
4.0785,73.9285,5100.8403,0.0294,0.0620,0.1546,10.4389,0.3088,1.2427,23.4965,0.4152,3.3265,13.9869,10.2563,8.5251,10.4389
4.3392,58.9478,5748.5796,0.0188,0.0952,0.2195,7.5599,0.4344,1.3922,16.3100,0.3631,3.0342,13.0410,8.2368,15.2100,7.5599
4.3534,56.0261,6667.1446,0.0298,0.0804,0.2571,7.4664,0.3923,1.3884,15.9926,0.3723,2.6703,8.1811,7.3124,7.9181,7.4664
2.6482,69.1913,5992.3353,0.0226,0.0800,0.1959,9.6191,0.4012,1.3675,28.6173,0.5385,3.0397,12.7157,8.7575,9.8119,9.6191
4.4859,63.6881,5176.8672,0.0274,0.0607,0.2329,9.5275,0.3806,1.2962,22.0378,0.3210,3.1527,9.4479,11.5315,10.8291,9.5275
2.9650,61.3203,4943.8142,0.0158,0.0696,0.2230,9.6713,0.4373,1.2599,14.1110,0.5207,3.0043,19.9623,7.8221,5.1712,9.6713
2.7932,61.0248,5181.5066,0.0238,0.0623,0.1728,7.5978,0.2753,1.1711,12.2089,0.4893,2.8834,7.9456,12.5462,6.1598,7.5978
3.6262,55.0786,6308.0092,0.0207,0.0948,0.2713,10.6194,0.4043,1.2445,22.1623,0.3864,2.7644,14.9835,13.6044,13.7008,10.6194
3.9561,59.5708,6408.1515,0.0260,0.0884,0.2641,7.9663,0.3694,1.2930,28.5310,0.3612,3.1974,10.0812,12.7391,21.5140,7.9663
3.2077,70.7270,6495.9420,0.0202,0.0987,0.1616,9.5909,0.2979,1.1431,26.2850,0.4259,2.5934,10.0890,17.4683,7.4601,9.5909
3.7222,71.1836,6489.7002,0.0198,0.0818,0.2990,10.7463,0.3520,1.2084,23.5944,0.5097,3.3034,12.9540,16.6009,10.6687,10.7463
3.7666,70.5490,5672.9193,0.0165,0.0921,0.2250,10.9691,0.3611,1.2486,15.7138,0.3846,3.4043,10.6391,14.6651,13.8220,10.9691
4.0608,71.4273,5302.0713,0.0281,0.0616,0.1796,7.1208,0.4297,1.2788,29.0687,0.3270,3.3684,8.1079,9.1460,14.7459,7.1208
3.7668,74.4102,4920.6795,0.0284,0.0634,0.2887,9.2053,0.3128,1.2690,12.9387,0.3382,3.4506,11.8710,12.1689,12.7103,9.2053
3.4094,62.0650,6766.3985,0.0177,0.0691,0.2029,10.9510,0.3008,1.2053,14.9468,0.4578,2.7967,12.1838,12.9915,15.2701,10.9510
4.0416,71.9929,5395.4787,0.0255,0.0989,0.1673,7.9766,0.4461,1.1365,19.2033,0.5144,3.1011,17.7864,18.2950,6.4492,7.9766
3.9865,68.0007,5142.1237,0.0294,0.0527,0.2212,7.9962,0.3029,1.2897,22.1390,0.5479,3.1024,8.7478,10.6250,10.3971,7.9962
3.2505,70.8012,6339.2467,0.0203,0.0502,0.1727,10.6718,0.2739,1.1126,24.7868,0.3865,3.1315,11.1047,14.5200,14.1814,10.6718
3.2927,74.8904,6274.1048,0.0203,0.0937,0.2916,9.4837,0.3891,1.2940,29.2080,0.3336,3.0629,6.2809,10.8042,10.7177,9.4837
2.5664,62.4647,5785.1038,0.0225,0.0623,0.2649,10.5456,0.3143,1.2792,17.2424,0.4415,2.6111,10.8828,13.9028,7.2674,10.5456
4.1555,65.7074,5478.0388,0.0200,0.0512,0.1505,10.8250,0.2902,1.2886,12.5138,0.3765,2.5802,9.1048,18.5927,12.5337,10.8250
4.0661,58.6168,5368.5342,0.0250,0.0917,0.1918,9.5917,0.4004,1.1124,14.4906,0.3113,2.6096,12.6090,13.7800,6.3813,9.5917
3.2166,69.2423,6779.1730,0.0174,0.0794,0.2850,9.4744,0.3148,1.1508,21.8481,0.4549,2.9146,10.7538,14.3537,8.8895,9.4744
3.6339,59.8381,5240.9615,0.0183,0.0888,0.2585,10.2956,0.3961,1.1246,16.8079,0.4166,2.9941,7.9826,19.2675,4.7221,10.2956
4.2756,66.7449,6094.8132,0.0290,0.0568,0.1755,9.3194,0.2559,1.2004,18.6185,0.4663,2.9214,15.2879,16.7224,9.2494,9.3194
4.4138,55.9610,5625.6124,0.0188,0.0756,0.2324,8.4792,0.3383,1.3102,22.0603,0.5489,3.0914,7.9991,11.0804,6.4879,8.4792
4.4720,74.2545,5619.1788,0.0171,0.0737,0.2418,10.1380,0.2881,1.2892,17.4339,0.5358,2.9232,13.3122,18.4944,9.1568,10.1380
4.2143,68.8067,6540.7600,0.0240,0.0892,0.1684,8.9315,0.2967,1.1527,16.0701,0.5276,3.4767,13.6309,14.1395,12.4016,8.9315
3.5885,59.2435,5641.2167,0.0284,0.0579,0.2129,8.6982,0.2521,1.2719,21.1895,0.3181,3.2723,10.4876,9.8578,11.6770,8.6982
3.6539,60.8363,6485.0178,0.0290,0.0640,0.2561,8.0719,0.3623,1.1462,21.6768,0.4934,2.8134,7.1607,13.1895,11.4792,8.0719
2.8950,55.4374,6215.4683,0.0265,0.0536,0.1947,9.4634,0.3948,1.1843,14.6800,0.5325,2.5815,21.6562,21.2428,7.4021,9.4634
3.6471,67.2790,5089.9075,0.0211,0.0647,0.2322,7.3841,0.2589,1.2643,16.8449,0.3646,2.6440,10.3013,11.4668,8.4586,7.3841
4.2489,61.7320,6322.2638,0.0220,0.0653,0.1938,9.9901,0.3648,1.3564,13.7163,0.4603,3.1614,9.3833,15.8287,6.9888,9.9901
3.3614,70.9624,5494.8510,0.0203,0.0558,0.1854,10.1732,0.4229,1.1274,22.1704,0.3228,2.8017,13.2868,11.8609,12.9903,10.1732
3.5916,60.0204,5923.6994,0.0178,0.0701,0.2501,7.8035,0.3616,1.2886,16.9121,0.5191,3.3909,12.7087,11.0093,10.6001,7.8035
3.0273,60.8248,6696.4533,0.0171,0.0687,0.2375,8.9204,0.2636,1.2189,23.2720,0.3203,3.2370,13.4055,7.6402,16.2707,8.9204
4.0269,74.6859,5773.7981,0.0244,0.0814,0.1910,8.5374,0.3809,1.2909,14.5102,0.4813,2.9652,12.8546,15.2018,9.3742,8.5374
2.9957,63.6969,5773.0425,0.0210,0.0944,0.1627,8.8636,0.3315,1.1037,29.3631,0.3475,2.8286,7.3250,16.4015,9.4565,8.8636
3.3519,70.3011,5620.6098,0.0287,0.0756,0.2152,10.8372,0.3658,1.2795,15.7793,0.4209,2.6783,16.9189,13.3533,9.1882,10.8372
3.0401,72.5407,6195.0548,0.0277,0.0624,0.2721,10.3909,0.3610,1.1291,21.5057,0.4949,2.6689,12.7029,16.4109,10.2221,10.3909
3.8608,61.6927,5580.5862,0.0202,0.0885,0.2577,8.1501,0.3897,1.3707,13.9705,0.4272,2.7974,7.6858,12.0858,7.1514,8.1501
2.8698,70.8948,5403.5115,0.0168,0.0942,0.2973,9.8698,0.2678,1.1447,25.3662,0.5121,2.9389,11.0821,15.3145,8.0738,9.8698
3.0746,71.3457,5014.0643,0.0181,0.0918,0.2845,8.4354,0.2957,1.1863,23.2635,0.4679,3.3270,14.3112,14.7921,10.0816,8.4354
3.7497,58.7694,6197.1136,0.0172,0.0650,0.2010,9.5586,0.4136,1.1639,15.0048,0.5336,2.9595,11.8554,15.0587,11.3271,9.5586
2.5919,62.6804,5003.3150,0.0172,0.0967,0.1516,7.3157,0.3956,1.3167,22.7927,0.4646,3.3103,8.3005,11.1196,8.0028,7.3157
2.5890,63.9386,6427.0548,0.0276,0.0803,0.1962,7.3204,0.3302,1.2357,15.0166,0.4470,3.0456,11.4912,11.7064,11.4350,7.3204
2.6692,60.0018,5449.6981,0.0159,0.0668,0.2060,10.6037,0.2598,1.2381,24.9046,0.3380,2.6182,13.7629,10.7253,9.7640,10.6037
3.8468,65.1089,6188.0195,0.0194,0.0654,0.1961,9.8868,0.3711,1.3462,23.3043,0.4634,2.8052,10.6732,14.5625,16.8732,9.8868
3.4166,74.0616,6501.1734,0.0294,0.0690,0.2356,9.7792,0.4178,1.3233,19.4933,0.4147,2.6666,10.8684,7.8469,9.9730,9.7792
3.0955,74.8773,5474.6610,0.0153,0.0934,0.2464,8.1701,0.3266,1.3419,14.0188,0.4278,3.3629,9.2468,12.9562,6.3462,8.1701
2.7685,74.1697,5041.9551,0.0276,0.0659,0.2893,10.5382,0.3701,1.3157,19.1128,0.3642,3.1566,11.9845,9.3491,15.9973,10.5382
2.9575,59.1021,5864.4799,0.0170,0.0633,0.2095,10.4757,0.2937,1.1694,12.3266,0.5470,3.0660,13.5163,20.0484,7.2370,10.4757
2.8145,59.5987,5032.4697,0.0232,0.0657,0.2039,10.7418,0.3092,1.2253,17.2150,0.4848,2.7881,13.1580,19.5475,13.7801,10.7418
3.6827,67.6614,5148.9269,0.0269,0.0761,0.1888,9.6373,0.3795,1.1116,16.2144,0.3373,3.1487,18.0270,9.2384,11.7276,9.6373
3.8031,62.8362,6606.2575,0.0250,0.0850,0.2631,10.0463,0.3798,1.3856,24.3544,0.4822,3.0577,17.8475,14.2743,12.5749,10.0463
3.3879,67.1445,5103.6957,0.0204,0.0860,0.1638,7.7529,0.3923,1.2421,26.2333,0.3766,3.2606,10.2293,9.0863,6.5102,7.7529
4.4321,68.5696,5503.5731,0.0203,0.0501,0.2907,7.3280,0.3153,1.3470,14.9463,0.5273,2.5480,8.5689,6.9913,6.5903,7.3280
