starlink_current,all_active_current,itu_m1_increment,fcc_50pct_increment
1898.72998,3699.84431,21180.1,46846.925
2666.31118,2272.36541,42173.2823,73795.6669
2458.97307,1469.97804,31939.3971,153204.781
2423.09213,3339.93391,11800.8618,60473.8436
1790.08499,3474.73261,35616.3298,109868.263
2337.08561,3681.42289,16030.2769,174380.569
2621.03413,3755.15182,16176.6033,39786.0874
1978.88805,2824.69554,21560.2946,161980.48
1770.92623,3221.24689,14720.0866,97547.6941
2415.78116,901.986482,21183.5561,64820.7931
2068.61021,1484.00169,7865.893,59235.74
1742.96675,1242.72075,25760.4254,196780.433
2070.37358,3090.0805,40586.7692,223905.585
2515.04028,878.589371,34086.2687,76175.084
2026.78192,1780.54426,38251.1243,123171.4
1912.56078,1196.65544,47390.0594,222448.703
1723.47406,4012.61531,32403.9139,82518.4721
2673.57267,2112.86984,44326.2926,234243.245
2626.03372,2654.32787,16874.4783,95272.725
1734.79533,2139.30256,41198.9877,119151.343
2074.19525,908.164584,24863.4304,48311.1368
1963.08294,830.612775,39659.2074,118948.596
2418.82886,1690.47565,34899.217,160609.869
1787.76461,1115.05829,6353.13124,129272.4
2021.78558,2335.81227,38964.7468,218619.165
2298.69532,2368.27406,12442.1497,130003.341
2326.45064,3792.57353,29799.0068,138525.943
1957.43605,1541.60359,30408.8596,233731.359
1844.91431,3595.63247,37862.5926,242694.136
2035.97141,2091.67972,9625.25393,201917.974
2007.82666,1469.61287,8100.58524,32803.561
1745.59665,3063.23233,44199.0211,220834.044
1786.53446,2403.81994,11809.454,154171.936
2088.8438,3232.85936,19604.4524,94124.6019
2325.92988,999.287391,39518.4284,154471.597
2680.52,875.236086,16016.2355,127536.47
2277.3794,2669.00381,38348.4402,90049.8596
2127.97313,3333.72498,10518.7848,150594.656
1948.07778,2305.60282,21517.7152,117300.928
1963.37258,2556.25775,39437.7591,219273.904
1799.31553,1566.49635,26645.1346,115543.556
2117.45876,2555.15377,9550.23544,168971.834
2432.5789,1813.84257,21647.6044,94288.4115
2538.44234,3592.54795,31659.974,246471.873
1892.30556,1915.17801,15947.4521,122506.688
2068.71954,2383.14747,12261.5582,110066.052
1756.13523,2561.75372,26263.9476,218810.609
2535.5433,3341.83099,33857.6954,35481.5233
2582.3415,2493.84159,39895.7178,46450.223
1812.00237,3407.68489,28159.4604,165879.737
2526.09829,3301.20875,28567.2887,54678.3695
2107.34112,1933.90542,21620.2699,155920.726
2547.63446,1770.6672,26189.3982,246225.208
1843.39807,3835.55882,25907.9536,33286.9128
1782.44173,2515.95663,36730.248,204415.633
1780.29106,2185.51397,35397.4704,144087.923
2101.70799,1261.81593,19980.5182,106043.267
2130.82451,2422.52642,18708.6882,197147.822
2076.46817,3128.82761,23385.9433,49567.9285
2120.04085,1915.51552,49862.9628,35368.0088
2506.79018,831.403428,25830.9195,202402.978
1753.90013,945.288281,33032.7625,232098.239
2164.06577,1708.30405,36334.8374,125199.859
2207.76181,836.863126,9162.36825,118009.765
1838.6239,1076.48116,26933.0595,198238.159
2517.1938,3234.39102,46566.762,80004.3265
2209.51548,3219.16884,46091.0409,69964.6142
1905.20906,4045.4619,37962.4096,95946.428
2460.98802,2315.45703,43103.4595,36258.7889
2069.74664,3782.90056,30267.9937,205574.587
2465.49272,1131.42347,13268.81,213158.853
2584.85031,2875.09328,7044.94993,111830.004
2072.44274,2967.01437,30593.4742,189743.509
2440.34995,1056.09417,38155.5315,171386.465
1809.76062,1262.11203,10234.9905,45907.3305
2148.63081,3987.37078,22554.1027,147268.372
2181.20008,3613.92784,22524.8665,95024.4481
2417.77449,3391.63339,12945.9821,62064.2363
2155.87231,1455.24678,11458.541,224885.37
2092.55877,2856.61745,43831.6308,73378.7623
2341.51292,2143.30253,45452.6407,248207.005
2124.77272,2179.18461,19359.1678,245353.342
2064.10221,1034.37787,23564.4137,243506.402
2324.34281,1970.13135,22572.1351,91047.9953
2008.4741,3087.87784,19593.7733,125502.413
1939.40901,2259.07229,17840.06,169382.276
2408.994,2157.85368,23232.9321,178635.014
1870.49857,2151.64573,21675.3726,81470.1213
2264.31581,3755.09354,46488.4265,114056.639
2249.33243,2018.98488,43420.6506,193474.766
2151.01457,3586.40941,38504.6877,247713.207
1964.15419,2589.43517,20839.8669,115309.642
2437.73327,2020.76703,13130.7748,179716.843
2166.44647,2978.87928,24369.128,61995.3458
2418.81987,1435.00831,28491.8286,52959.2683
2406.86478,2653.58932,39647.4165,84405.9522
2397.59525,1122.92863,28179.644,205968.266
2295.32541,1157.90492,26111.4924,70446.3873
2307.42175,3023.70199,27506.6103,239329.016
2111.15645,2575.70177,38680.3557,235769.354
2135.59072,2139.78249,27481.33,48247.1738
2098.72544,2036.8911,46874.1808,48984.7759
2470.8985,3160.2662,35532.4593,167443.966
2375.24302,2298.50371,24409.341,219909.483
1978.01948,3504.28586,28509.8042,189409.535
2600.34897,1872.34578,48484.2496,219998.197
2492.9327,1221.14965,22233.9873,119331.287
2574.90001,1171.70219,12835.0224,45724.4532
2266.92061,1649.38893,38555.8547,249503.558
2430.58956,1353.49785,38392.3313,38408.9481
1761.51451,1608.37173,28113.8392,105287.625
2663.71309,1991.1302,40698.3188,53150.9374
2248.50451,2427.32858,13887.7888,249699.99
2590.2938,1146.98592,23068.2125,195766.306
2509.98765,3123.68093,32720.8788,172373.585
2582.62635,3441.16584,43274.7201,160373.925
2517.26581,3549.11773,22735.9308,84779.1092
2262.85608,2347.02615,12216.4541,145273.352
2025.84194,1307.6668,36686.7237,248304.524
1766.32617,2676.31565,21454.7961,161360.901
2333.453,3751.85427,39584.9311,164064.422
2064.89225,2577.8006,42791.0924,129213.391
1844.46238,2515.09655,7502.46219,219535.951
1898.20979,2374.22218,32969.9274,136426.287
1856.82516,3650.01528,25515.9345,158753.926
1943.87969,1531.71189,18459.9915,165978.892
2350.42366,3229.72823,15455.8164,154138.356
2312.06911,3825.65862,19452.1803,154745.209
1833.96043,2154.39404,40870.7913,184258.919
2294.24541,1297.33143,21073.9447,87635.2247
1984.81919,3785.4806,13812.5659,78156.9013
2584.05417,3374.14436,35299.8174,70957.9594
2159.75819,2046.76427,29555.5186,232145.243
1921.78427,2655.4697,7516.407,51487.5752
2621.16248,3157.67275,36139.1701,65625.8856
2420.12869,2257.23987,35098.399,56886.1605
1868.18957,1447.03407,30091.5209,34152.8162
2510.39822,3023.99862,10697.4027,68872.9085
1975.80837,1216.91057,27116.1724,215010.727
2652.57385,2043.25777,19551.8702,219897.253
1795.42587,3619.1323,26417.0506,194611.14
2565.57935,3617.80937,11725.7343,199501.536
2675.52308,2977.8718,39783.2293,102539.842
2361.83466,2048.68385,19299.3592,101433.938
1745.49194,1280.34466,14114.5939,214297.237
2546.25466,1357.89995,49252.5391,119507.238
2029.88308,3696.71563,7584.68124,105292.283
2181.3247,1583.19267,24621.5256,68925.6615
2328.60249,994.593991,39963.434,32201.196
2468.60596,2924.2817,16540.4032,247008.999
2402.43874,2234.7493,42440.3929,84027.2741
2175.76899,2806.77623,39922.1527,170918.722
2282.98718,3270.32573,6467.91875,207721.894
2131.088,2252.45472,45464.2344,72244.428
2461.49403,1060.4534,24797.4881,39000.9241
2539.22091,1215.34181,13242.3021,86658.4725
2329.16034,3930.78184,42472.5388,33810.7031
2165.23191,3036.62668,25761.0035,224742.074
1926.68976,2034.20207,25222.1063,235531.416
2673.32587,2376.30681,30310.6414,126831.82
2073.0118,1993.76575,33652.2759,57360.4184
1731.90027,1501.66488,6293.75928,243782.891
1984.01164,2599.08217,35926.7223,194136.136
2288.27725,1762.15946,24163.7667,60782.1959
2435.35346,1769.404,47266.2385,150954.462
2672.14314,3123.77933,31506.7392,91734.1214
2316.20222,3244.4896,18122.5049,100930.776
2252.94491,930.087663,12643.6813,74158.5038
1883.80192,3301.74426,36475.2004,229044.86
2312.84786,2055.24734,28376.522,108231.993
2320.67631,1433.73693,13913.1385,108712.551
2437.9291,2564.33031,21150.0697,38926.5762
2485.08453,1599.49451,9850.7063,143621.58
2375.97196,1772.97881,25197.6241,31876.5683
1754.21395,3857.65123,43003.506,197278.5
2101.44156,2900.50358,43736.311,37134.9609
1949.60924,1884.77569,33727.4849,47655.3127
2049.72622,1621.00403,21731.0941,232994.097
2290.02322,1713.37582,25912.4771,48912.2936
2169.38223,3186.71658,18286.1972,161045.877
2546.78586,3695.56536,23789.764,37034.1273
2418.48838,2647.75767,36060.3913,154891.22
2572.62598,2487.43317,19697.5477,136106.694
2475.71626,1032.33663,12939.6823,74673.1815
2075.84854,2677.58497,17991.3822,185480.28
2013.07409,3125.89029,44261.5772,173614.928
2052.13208,1086.48755,17433.6429,35079.0399
2151.05204,1125.39561,45209.2209,236004.359
2671.07035,2938.68744,41866.2734,210096.278
1789.70166,2772.24014,9613.14984,146018.761
2611.68235,2521.80035,18600.6889,70902.7935
2105.67022,3515.88269,12497.257,191878.028
1885.99998,2186.69047,28249.9741,167656.675
2338.81576,1795.18525,39271.7209,163266.595
1895.43397,3095.21391,6374.17178,59607.2985
1854.05928,1996.30895,47788.1442,233981.494
1747.4102,4026.2393,18681.6797,113065.551
2367.99169,2272.85452,26953.774,210032.937
2402.67568,3855.83845,31851.2865,53017.5478
2632.96061,2659.46307,6914.57101,138959.355
2119.42522,1132.23784,23995.6613,163046.645
2672.15447,2974.55898,17586.9953,203164.051
2641.66782,3333.16797,49261.0612,37124.8384
2420.42579,3300.99851,38056.2301,51051.0995
2078.03484,3408.14048,7438.78958,117391.513
2147.25717,3125.34884,29344.0026,68260.1249
1906.55113,2324.43696,40471.7056,128359.663
2126.9212,3326.56233,40574.0801,170695.159
2057.30312,2039.10743,42744.0787,223726.82
2177.67243,2251.861,41924.1461,85703.4413
1935.16561,1915.74334,20851.3922,220000.496
1929.43544,846.909841,26199.526,114982.974
2508.85597,3869.86417,45005.3349,48421.7673
2668.44071,3581.24502,46300.8708,246349.815
1787.87905,2836.68981,14013.8453,167370.855
2216.71395,2456.96551,11335.8268,202378.743
1757.23255,3133.35756,26813.4383,176781.17
2375.67771,2571.49646,22385.5821,121151.569
1788.50504,2778.04854,48088.8086,97929.2878
2587.22572,2618.58097,42237.464,186620.727
2125.7566,2187.38362,21862.709,32362.3037
2084.60844,1880.19625,35588.7822,52995.5679
1730.18427,1618.69035,15723.3575,203631.917
1957.92126,1185.33447,24002.4178,69725.009
1789.21812,2459.41415,46649.7301,240834.169
2527.90082,3584.09453,45877.7202,88028.5695
2506.16916,3250.34489,38380.1,235852.573
2253.2672,2103.88167,26271.8564,223242.449
2569.05385,2310.05116,17538.5761,74321.3322
1957.62766,1754.25436,6615.48031,51996.6145
2385.99488,3182.08351,34086.72,119518.344
2442.8621,3648.64136,36160.4126,207277.319
2532.44381,1833.13088,23982.8579,156332.747
1775.44659,956.83137,22909.5347,87924.8875
2384.80623,2039.28987,48866.3993,136139.002
2128.61856,1023.76506,8589.61884,90116.019
2455.6298,3319.28803,25261.7661,200548.125
1837.554,3158.19438,40135.0783,92092.038
2008.70421,1199.15431,12187.5067,83864.2729
2124.03294,1490.41031,42422.4936,38759.3203
2376.57297,2510.89404,38742.2673,123708.696
1938.71079,2598.04739,14322.9962,72072.1886
1991.18302,3975.13497,7112.51192,91520.3508
1852.97798,3045.6953,21159.1555,38257.5225
1726.67123,2864.40235,36620.5052,221016.652
2420.96619,2210.49504,13719.4297,184241.517
2214.51488,2544.37425,39640.6306,205745.462
2393.7813,1505.76586,23104.5918,171730.82
2619.89623,2885.82592,26913.7421,58730.6552
2217.27439,1879.55443,46656.0469,207364.843
2000.27779,1102.93662,26941.6497,184831.743
1912.98233,3445.56872,35976.9569,207447.369
1962.61602,2493.59128,29411.3569,114650.405
2122.0132,3266.58059,16055.1656,63791.162
2616.47532,2534.10976,26409.1728,218338.184
2059.18966,2349.23364,50011.0606,122682.243
2061.42829,3127.58138,45264.5133,52196.8699
2367.08548,3168.51792,32199.2963,180987.715
2657.78866,2848.29125,23829.3143,54689.6246
1745.37318,1955.6407,40250.9788,40252.9756
2368.84393,1043.03313,49762.8735,158465.132
2577.15163,1184.63201,25380.3842,227265.687
1807.63931,1857.86211,44475.6994,62614.2764
1880.69126,2681.90124,46704.1386,148832.585
1856.21649,3123.03999,29924.3998,126137.293
2212.03446,1521.85246,19303.8133,241474.88
2650.86353,3599.77391,49399.4135,201417.535
2250.16846,2248.80244,40909.9128,139626.665
2173.27223,3996.58576,19058.9152,221623.772
2087.58399,1120.04578,15982.1413,131629.101
1872.29977,2718.37015,7430.56313,221501.609
2128.57873,2100.80086,26949.0712,81551.8331
2610.88751,2098.93609,26488.5066,39439.975
2145.91187,1120.96486,10810.2157,243205.047
2028.21665,2575.3665,34736.6335,57552.2627
2016.39897,1754.00711,14312.1241,205797.601
2268.85176,1753.83727,39004.2911,207542.78
2532.56649,1709.42825,41087.7685,43006.7388
1749.86921,3763.78636,7176.0331,176535.413
2466.69509,2785.33891,20387.2578,183315.784
2156.0017,1959.44234,32771.2096,199823.966
2096.75933,3845.09241,42998.6673,111827.689
2241.67511,1682.36725,36646.5216,193156.373
2120.72803,3201.29751,38833.5974,61312.6911
1971.56547,3458.69737,34192.8029,38329.9569
1905.65507,2138.61836,46705.4979,149162.921
2627.68454,3997.05005,31719.4272,54433.7885
2527.74456,3185.62356,7323.56757,40798.605
1759.66211,2904.97431,35240.6902,182428.863
2493.13864,2206.24834,18007.2293,167055.877
2453.40896,882.907849,49410.3588,133507.247
2665.5748,1839.37729,35808.115,145086.118
2167.85745,3132.89547,24725.6801,54776.7355
1822.22562,962.360438,10507.902,71637.2776
2302.01774,3047.28988,20447.4752,58431.4091
2519.39015,2780.62009,43428.0736,179367.087
1977.79075,3757.2825,10948.3075,89134.3722
1796.6499,1528.34765,11260.2233,245904.351
1831.251,2610.48577,31279.3732,198862.275
2366.60685,2699.33731,13202.5209,135560.408
2325.48424,952.112766,23791.3014,86723.7746
1763.72543,3589.91571,49347.9657,118660.086
1854.65775,2490.93279,8164.46017,235963.6
2339.25044,3199.21774,46683.8856,227071.767
2039.28071,1738.21657,7292.39809,215116.838
2586.88265,1885.84073,21272.7003,145759.46
2223.46961,975.312733,32995.9773,40551.8674
2369.68876,1841.53929,9080.03318,41593.5044
2097.68563,833.434366,7917.11203,95988.9553
2158.01811,2778.90524,41301.1003,181634.645
1919.61589,858.213573,16851.7423,183154.342
1897.93521,3617.93911,38795.9556,76575.7705
2111.09928,3808.2451,44632.448,108375.38
1974.83553,2522.57358,13630.7995,74942.4899
1905.87926,3259.56687,14003.2895,148949.314
2385.43573,1338.82391,17519.173,179420.579
2607.87555,2241.222,12231.9427,82051.4435
2165.65204,1462.4156,8736.55424,130638.37
2169.87452,3631.87191,21518.7796,213488.378
2526.95406,2417.51185,39458.102,177361.384
2354.87613,2613.12118,39008.6874,195013.097
2649.56605,3557.7364,38808.057,167534.282
2393.53042,3759.40633,48223.7425,33052.8617
2118.87415,1716.65376,43492.2169,47115.2376
2310.60078,1895.88972,29148.4721,125358.615
2097.22277,1513.5361,12261.1737,220569.268
2239.83761,936.050914,40956.2247,206273.594
2244.14633,1329.0538,17644.0189,68569.4677
1782.19078,2945.00491,35933.146,126545.486
1771.89606,2860.94817,36786.2191,172731.039
2572.58086,1989.0447,16860.2966,234821.828
2293.55449,3936.66915,48540.9234,193149.073
2143.78529,1743.32147,27995.4013,246471.165
2671.81471,991.816249,9172.14016,231235.607
2048.13964,1022.38471,7713.92898,125986.597
2579.96985,2095.26049,10569.4607,64894.1806
2338.18196,2597.5488,25197.5244,149418.883
2302.50676,1196.3957,41827.7963,33948.8709
2011.07098,2510.2401,17261.3144,54147.2267
2211.55492,3068.67965,37979.8822,248611.314
1727.18569,2952.65197,18177.5962,120420.889
2224.75416,1675.79149,42747.9394,166257.909
2318.12306,939.17418,39422.143,32251.7791
2528.7919,1687.24596,22391.2875,149658.616
1742.538,1762.84097,30014.7513,127166.078
2602.56929,1354.17435,10505.7738,211631.42
2176.16255,3647.88063,43878.3199,126980.708
2372.19905,1242.0968,42586.7078,40682.6641
1745.42698,2045.69159,28196.524,95309.6688
2426.69692,3507.8214,32428.5186,144824.985
2412.00554,875.090873,24012.1626,125552.952
2143.20249,3092.3912,15080.7769,214297.596
2141.46885,3796.66914,40335.445,126388.193
2592.65312,2964.42621,43191.256,35683.3754
1980.25477,1880.0669,42444.25,68975.8624
2213.22836,1161.53899,37048.5288,188626.009
2120.97302,2232.99079,12122.6497,101223.062
2268.51057,1215.76298,48895.736,234495.755
2236.44962,2724.06527,47866.5174,101336.197
2395.81897,938.136187,38616.5732,83321.5748
2649.99024,4018.09165,24111.1719,150066.626
2392.3701,1070.94916,8245.06873,244549.877
2474.20552,2235.51148,12079.5193,225200.783
2310.46618,1896.50822,7289.19657,113660.145
1949.21053,2716.71498,42424.9687,210657.78
1960.38625,1237.47284,27683.9704,177166.17
2622.62978,2423.66075,16970.949,205249.579
2460.4176,1475.7693,15553.8976,195094.902
2046.92721,3261.53561,45341.2487,58835.8516
2057.30729,2430.10313,24477.775,67066.8947
1935.48361,1833.90111,30903.4681,227286.043
2274.96101,1896.41438,16289.1288,167762.409
1810.71352,1332.98681,7112.72575,227370.136
1765.00908,2985.93679,15274.7214,168441.079
2444.5552,2586.01201,46720.5181,93214.2946
1818.63708,1550.90066,33491.2478,39060.7052
2239.38456,1189.3779,21607.183,98724.3726
2316.89677,1160.12239,7364.46131,107288.797
1917.4011,1537.02318,36665.5453,52678.6401
2376.63169,1837.60469,44421.0773,37454.7712
2352.11971,2702.69767,42011.8993,168044.357
2137.5382,2493.72658,41885.6255,65160.9888
2150.22153,2865.67844,36159.7328,74599.4113
2186.94853,1664.12984,18821.0255,221917.139
2434.19557,1950.68988,39310.2833,218600.821
2518.3116,2677.25024,39935.7673,136119.842
1740.86225,1091.3873,16896.9078,81386.7361
2311.88725,1164.21888,14285.7965,220990.203
2357.58884,3201.3207,18391.2456,56979.461
2645.17513,1292.504,20377.9697,215025.379
2608.65207,1382.64767,12521.5237,191661.114
2087.82153,3013.40841,26528.5632,225572.089
2275.20516,1011.29551,49459.6882,170078.115
2282.80086,3512.49052,16056.3904,233061.842
2391.10006,2796.35555,10498.9444,101127.115
2666.26676,3211.63721,35068.9944,106274.877
2480.42612,1153.59764,49862.2645,48189.8396
2244.2026,2135.30127,14604.3795,112017.732
2566.16286,3260.0325,14461.3745,180144.726
2193.90744,1628.10248,18904.8552,210543.782
2260.19614,1359.16719,15524.1687,141504.783
2615.57797,2857.0799,46794.0097,148212.624
2537.32067,860.630352,12399.0085,216217.427
2116.99005,2168.0942,32546.5107,79585.5981
1885.00263,3688.39977,27380.677,210227.682
1780.49536,1792.35285,25296.6527,160727.171
2639.58201,3420.9483,28422.0826,97658.5448
2196.73319,3175.09473,30345.6979,53512.4144
2008.02096,3137.24119,7042.00778,201051.718
2628.21421,1375.06046,37390.5658,215495.128
1927.46586,2517.33974,21882.6525,117293.83
2681.41676,2858.05887,43518.713,171070.179
2089.53846,2202.4829,41581.0929,139750.837
2123.41762,1196.5329,18441.7839,115686.379
2675.44036,1968.37849,22405.2384,207535.403
1953.97353,2104.43803,39335.9872,181273.783
2030.84962,2009.57546,28577.9136,198253.58
2407.58212,1563.01528,25339.4182,185367.418
2436.63641,833.044697,11205.5501,66953.0767
2361.96491,1318.44424,44775.7311,97836.993
2445.12628,3233.94776,43634.2191,244491.969
1943.68576,3610.15011,14631.8075,234619.058
2230.96945,3809.13368,49727.7942,91825.8832
2584.84056,3569.68578,19090.1353,81734.7716
1873.35268,1648.2176,9075.59674,87416.4091
2586.36441,849.271053,40126.5266,86684.3673
1826.23487,2437.52142,41574.2945,206046.982
2601.76361,2565.5769,13165.4017,181743.831
2096.94261,2907.02946,9627.08942,47592.8573
2267.95287,1506.69577,28108.9609,154250.005
2188.74718,1134.92848,36374.2371,166745.384
2499.13268,1127.22201,43320.8787,46321.1831
1911.27557,3832.34219,27962.3706,82934.7037
2570.37894,3617.2897,40626.6534,52899.8003
1879.97914,1224.53474,25853.2795,137176.157
1804.97452,1221.87377,48873.4788,214773.486
1779.68978,2906.45163,13188.3122,69500.7178
2309.80352,2320.42525,30495.3229,235649.016
1901.84698,3594.79985,39532.6008,166350.349
1873.91714,2096.30635,35030.4539,109300.436
2233.21678,3525.17685,19178.4746,127874.196
2430.20797,2865.75954,10773.3386,82582.1807
2093.7436,1174.07977,16000.1351,197114.584
2044.3499,1107.23994,36716.8535,117702.726
2156.79314,1863.31946,11502.0751,44480.1955
2319.75656,1937.98774,22743.9999,154184.688
2621.76836,1093.08713,42402.3352,225457.914
2506.35493,2593.82084,33394.4455,117922.834
2091.50137,2654.11442,20071.2826,224715.94
1871.93169,1203.27865,40231.4313,233766.302
1730.93739,1983.34111,33238.5998,111814.868
2482.76219,3903.24003,25170.3833,215612.674
2214.51895,1751.99982,44150.544,53600.3143
1955.17044,3066.78634,9072.76147,195269.724
1810.74984,3666.20432,28046.3425,44277.7692
2272.96811,2512.73886,35570.5138,68520.0076
1816.07064,2390.12448,18652.7301,61275.2759
2004.72708,3001.99026,35853.9885,173851.242
1861.52173,2710.26694,36389.3892,71663.5793
2679.3928,3166.13347,11693.6807,32800.1348
2043.80017,3706.90633,28759.5808,194942.953
1920.07738,2255.72517,49625.1202,102933.406
2565.98132,1329.26574,25658.6219,143315.368
2358.20869,3352.61027,15696.9456,180296.386
2192.72803,2228.54165,23340.4429,93952.859
1819.28064,1684.13507,18723.4294,114112.659
2468.61413,1741.28614,46602.4498,57504.0324
1848.97801,3095.69019,22634.8247,249730.321
2156.92742,2646.8347,23264.6895,83850.7494
1821.41085,2456.82235,39425.0202,114502.385
2147.64309,2520.30666,25439.3658,156118.137
1962.69931,1304.93799,18883.7555,40723.0326
2426.848,2644.2846,38441.16,119686.217
2339.48605,1068.80049,47195.5217,56272.5751
1887.81851,1438.45172,6594.61377,222802.849
2302.94228,3916.77194,9608.08505,219501.413
2058.59175,1679.12013,45145.9151,205509.096
2121.08823,1657.78761,44223.1551,60137.8714
2112.94097,2371.5296,49730.9934,40228.1692
2519.2514,2810.66077,10833.2345,141977.812
2354.62742,3378.13821,37369.6959,214522.854
2394.7039,1753.18795,7437.23628,59112.5916
1794.82134,3898.04382,36164.6765,191973.241
1890.31056,1194.11188,38692.2604,199649.746
2397.30347,1987.84053,45205.1785,213782.729
2624.42247,2435.88777,40332.647,174459.589
2669.65228,1315.67781,15665.9095,160839.479
2226.60191,2404.48782,14936.6828,179961.791
1982.91654,1528.15174,19549.2951,208409.89
2298.25042,2441.69492,27369.7962,242222.598
2665.84305,2683.9139,15784.6791,43640.9814
2139.20443,1729.2955,39000.7186,193118.646
2580.49952,1114.21906,22749.8698,38842.3261
1860.29911,1770.97959,44627.2392,35702.733
1844.08494,3959.31349,8942.992,242408.222
2601.3286,2357.32448,26360.6667,135989.429
2173.03878,3253.34552,36979.0608,162067.778
2284.54169,2516.44911,30135.0763,132961.557
2258.1173,3981.57959,21186.7664,46272.7105
2147.33564,1228.86402,16450.5314,180635.314
2002.42416,4008.17804,44436.8582,143911.266
2489.06072,3970.53821,35767.235,47068.9974
1761.83162,2827.50862,29996.964,249233.314
1879.7616,3655.49668,30055.1189,210813.458
1916.55039,3111.94143,29683.1725,113269.423
2627.59615,1301.99532,39616.9431,44163.0331
1796.32015,3328.14328,8500.72157,214520.304
2316.36495,2703.35095,19261.6348,168447.171
2327.72776,4043.43749,33576.6427,38110.5765
2497.20413,1366.59737,11863.6663,135850.276
2585.36932,2433.1748,8239.33125,149791.806
1800.12246,2565.53382,31431.1226,153138.368
2455.42927,3627.68712,33589.4096,243379.216
2177.60747,2315.65407,27796.552,196555.388
1834.16368,1124.79249,35295.6277,59925.4166
2499.93482,3759.04033,42563.5697,171877.184
2537.08155,3140.49256,33682.0361,227921.384
1913.56349,1163.46967,25509.2685,84380.3058
1892.75499,1490.39019,22029.2446,95628.688
2187.23213,857.809555,32955.8825,102006.99
2077.45903,1898.86486,34352.6565,137986.351
2005.82825,2254.82855,47732.0157,214499.335
2528.23909,3925.13348,17894.2391,179358.846
2607.89846,2359.11767,9098.43946,241643.27
1763.43656,1985.12741,16732.1087,219128.426
2259.08994,1780.65104,43964.2492,183523.605
2075.44241,3368.86088,7651.88589,108394.646
2258.61616,1696.86173,30770.496,188315.684
2314.75262,1281.59768,8255.51384,165481.926
2334.69444,1751.61696,9920.52005,135003.356
1975.04744,2791.38407,34485.1423,193277.454
1786.50766,1820.27288,31243.4718,160014.653
2301.08622,2281.43758,28898.2073,219145.323
2545.00315,1621.7792,10667.7445,153966.716
2616.46377,1138.77573,12713.2589,234674.925
2034.85094,2192.90263,7131.82146,82351.6736
2598.15295,3305.57218,46416.6975,143066.015
2428.31204,2770.32459,46009.2532,143265.128
2623.08861,2912.74053,48425.4211,117623.734
2481.7775,1141.44486,42506.285,157895.491
1762.38358,3953.47035,25818.8278,126678.778
2631.84392,962.73902,12900.5204,192999.075
2138.07103,868.917779,6558.81511,62054.1059
1951.76894,2006.8425,10274.7877,173912.859
1741.18986,2551.13207,20071.4239,219725.791
2610.2475,1573.1957,42030.2273,67470.7928
1932.85121,3610.29772,49413.7292,81405.7504
1947.12304,846.748005,47066.9728,193616.38
1909.07308,4022.16137,7944.37054,67455.5527
1910.88321,2896.76638,7771.87608,56428.4407
2209.40092,1699.78342,15363.8967,94803.1566
2149.5187,1359.30305,38895.5743,78979.5889
2259.11634,1052.10364,33823.6786,50527.2008
2538.07784,2029.22248,9619.51253,130787.644
2616.41035,3758.80607,47899.7299,106466.282
2488.14853,3348.68163,33630.5382,218652.456
2269.89139,3956.51541,28820.3841,73992.515
2545.36174,3798.99271,8670.79181,214254.761
1882.58557,1982.43805,17382.2132,100146.332
1779.98189,3134.7823,7705.85286,249257.411
2125.19803,3623.7363,30961.9656,202959.74
2002.3602,3668.71822,20259.0865,172450.294
2247.27717,1495.45884,43456.7745,166424.963
1976.28222,1986.9188,30256.334,233040.489
1873.21362,1948.84965,15220.9989,90354.9659
1876.85803,2957.14205,20523.509,222930.27
1763.58311,2832.46641,17505.6493,97610.5094
1987.211,2803.78814,11478.8046,75448.6093
2159.56361,3934.77785,16061.3262,52994.2235
1948.8274,954.432039,48276.6259,147882.872
1884.99996,4035.01413,20537.3756,147906.224
1957.49828,992.608256,49763.8067,167852.037
2250.24347,1102.86003,46132.1705,146047.877
2102.35741,2295.63736,37948.7444,247835.811
2560.72075,1916.09488,34167.5521,82999.7253
2261.86545,3465.18813,22432.9877,91158.6786
2644.78243,1355.48054,9582.18738,127270.203
1721.5515,1247.39365,21580.7195,231828.946
1856.30656,1890.94548,12060.9507,48120.1028
1937.52178,1294.74134,28340.2443,103642.93
2405.92215,1804.55143,31161.4739,111169.611
2247.38447,878.428048,39789.8962,80689.0752
2656.32497,4021.08906,33676.3056,112773.975
2477.26212,1104.42137,7631.28685,75218.3672
2141.98735,2270.99639,47828.9587,233802.469
2295.90942,2972.40267,45125.2176,152778.511
2322.59637,1869.85264,22220.3307,159212.74
2203.43956,1709.67017,47025.9807,47832.4079
2478.1366,1872.85946,32231.2655,61119.0647
2152.46809,3982.01596,11904.5689,171692.245
1957.35493,3131.63741,32203.0172,227593.603
1764.273,2796.63659,19045.0086,180910.537
2291.55641,3813.97451,24124.2828,41054.8694
2039.07188,3071.40789,28939.0602,155363.752
1801.20243,3594.18528,6686.85825,91083.2781
2099.64804,2580.71015,17749.3937,229891.72
2560.25547,3507.37265,35979.5121,65701.9145
2510.3457,4013.97874,27426.0863,226338.55
2482.33365,3451.69568,16192.0478,206582.718
2002.67738,2602.78098,47934.2186,215995.453
1893.5333,2041.52377,23619.2123,217441.484
2231.76056,1022.78547,41497.1146,78922.0367
2455.69082,1669.68264,45195.7351,184267.877
1763.06649,2297.42096,42425.6531,199923.367
1974.27595,2296.63167,14228.3712,99978.2789
2629.06215,3505.60636,46723.3836,55083.9009
1889.98673,3152.85562,49182.8521,157054.82
2248.56324,3719.19447,47197.4121,67016.8742
2644.76986,3267.52509,12813.5177,121244.466
2116.63292,3207.92247,18971.5767,130165.777
2104.35825,1279.8023,35617.4654,151044.007
2169.075,2361.94928,14954.1728,171706.318
2197.24811,3256.37523,42782.3648,129606.989
2545.42112,2257.85815,7399.16072,248638.795
2538.47875,3122.77737,40918.4448,181036.763
2600.86428,2401.34926,39698.1662,76181.6703
1885.37048,1123.96086,26697.0204,81878.3507
2433.04576,2059.09605,16045.1267,77920.3194
2012.3936,1237.35069,29248.1578,54908.0397
2522.61875,3955.22136,27294.3518,35517.7094
2427.62578,2086.46133,41752.2384,230429.911
2593.77191,3624.75399,34115.5378,196643.226
2513.3928,2433.33176,15494.108,49686.9985
2515.90155,3013.61803,42202.2081,90737.4586
2308.69875,1806.75736,18309.7476,224470.036
1988.86671,1370.34417,12560.3321,113550.559
2111.8433,1318.63576,25477.5841,166857.623
2566.45751,3174.02808,32892.1547,250087.93
2051.4408,2392.52932,8171.73295,193021.269
1723.43707,2179.38943,47844.0125,179456.415
2545.04632,1407.31822,22732.9065,147392.011
2145.28494,2134.15074,46310.7465,153427.692
2049.0119,4035.84362,34806.2675,47776.9628
2029.92919,3878.90889,16400.9676,114409.065
2650.98568,2843.2064,10497.0657,54677.964
1969.16512,2290.40152,45503.4835,72161.1483
2216.79117,2838.81488,47094.9616,44572.1932
2090.68904,3879.7687,49703.847,219366.259
2471.56643,2779.25031,47409.9034,134508.267
2218.85814,1779.7732,44037.9865,203517.881
2113.83232,1135.42031,10384.2222,207199.375
2197.70675,1982.84836,20680.7359,144866.424
2466.9118,3458.52476,30430.4011,195181.551
2097.43718,997.754888,9190.60267,195400.368
2368.60041,3723.33562,38729.2295,131612.067
1770.92324,2414.48095,41569.527,69613.678
1799.52753,2111.47173,12751.737,246197.632
1736.54903,1055.16501,11873.9407,152475.721
2170.23447,3915.88609,16805.2433,151831.824
1809.63943,1198.30142,17864.0871,225104.431
1922.06295,926.575167,7169.03958,42783.246
1960.97477,2394.0157,17670.2609,62209.2994
2151.66737,1937.90055,19512.9402,118506.416
2532.22816,1273.76987,42810.5982,173548.402
2489.11108,975.330353,28072.6477,243103.577
2641.91898,2184.93605,29809.9153,244192.579
2470.92319,2075.3874,12831.4517,102152.322
2188.40662,2896.5374,32419.019,137701.959
2139.12028,1413.66954,48838.8085,177114.204
1967.93076,3350.57892,28574.4327,177850.484
2195.85492,2466.80734,46119.9599,148048.787
2032.89452,2695.0439,46224.8019,137434.577
1909.72372,2200.28066,30810.8769,136174.74
2426.2594,1469.53529,8562.5609,147449.249
2405.42759,1960.91973,27222.9726,248836.838
2159.25741,1525.4958,25913.1698,53248.7178
1812.86598,3732.03322,10135.8901,182868.398
2013.09075,1201.75442,47872.4932,42067.0095
1969.5703,3310.98939,21222.4634,219840.215
2494.30497,840.788931,38804.6291,150974.929
2158.12804,2103.37323,49850.1526,46555.5217
2017.43814,1471.73258,9258.55496,60783.0819
2311.02548,1076.04834,23363.8939,34210.6564
1812.5841,3454.42956,28281.9504,36939.3179
2198.05631,3776.77414,45288.5335,63742.287
2284.21511,4025.89214,47408.9765,203366.191
2458.92656,842.960548,49124.3376,161239.118
2302.05821,4035.64302,10909.818,160374.406
2533.31068,3118.18966,14395.7506,64674.1407
2550.70264,3533.79955,7129.01304,239720.851
2642.10009,2388.50735,38945.172,42022.6193
2529.79783,3237.52167,38232.5809,32608.1624
1828.39282,2997.60362,34104.0913,235723.606
2019.28935,2434.98749,12056.3154,47610.2011
2439.82076,2719.3368,13520.7746,216989.465
2042.43856,3909.80981,35112.2771,228371.843
2312.8713,1102.49478,27617.5059,185124.016
1879.76454,2151.96038,12619.6917,184892.429
2044.40579,864.76713,31354.3284,151171.014
2188.4219,3374.40125,32357.531,124443.002
2636.64762,2690.59196,49516.9299,104764.268
2089.78452,1346.62949,37814.7953,147636.177
2204.73197,2601.66672,33071.4281,189929.47
2269.57558,1260.21749,45499.5081,188160.088
2273.8553,1302.53476,46665.0198,158332.081
1895.76144,1395.93646,11767.5234,64575.0812
1783.64514,3751.94626,36297.5415,196990.233
1736.1094,2529.33168,33602.6556,168530.685
1832.1296,2646.19185,24812.1763,78763.4387
2394.49303,1161.75465,38165.7007,84065.6474
2180.77931,3293.66049,31560.7853,97591.5653
2332.53659,1743.78836,38763.7922,89334.3078
1866.87387,2360.02303,23066.3947,43787.3737
2020.69954,3479.27608,15273.564,198790.917
1982.27957,2455.06358,36112.2849,161959.836
2005.67716,2823.20477,28993.9295,136845.702
1768.97054,3277.11758,36801.5563,143165.518
1750.70534,3186.60451,28333.0427,105162.095
2199.87349,1725.33099,19805.1776,214494.577
2296.36572,1357.9113,36569.7731,118313.69
2682.59947,2223.79438,45291.0721,81474.9321
1774.8883,2539.51095,12364.6938,102007.751
2572.07897,1379.33364,27073.316,94525.2579
2139.17766,3055.22414,7017.33591,123333.906
2345.1472,2971.71158,23735.0254,189866.949
2566.73619,2786.00396,45380.6837,236891.722
2351.32124,2996.51994,7547.30412,143097.283
1881.76873,2977.50764,18361.2148,50021.9204
2581.78414,1390.53133,41553.4163,169076.334
2444.8774,977.433423,7067.97095,154722
2246.18046,3492.48292,24001.3101,238666.396
2266.70094,3453.63144,43616.5409,35024.4674
2227.25777,4028.73565,43812.9647,168306.407
2539.35005,1933.47576,21469.8711,103289.973
2316.14769,1815.90179,25737.5933,35406.6475
1849.94306,3408.90271,14530.6191,218188.888
1744.9471,2420.56404,10277.3707,108426.659
2472.39843,929.49962,28546.5764,165377.968
2319.85965,2568.58523,48368.2686,218310.444
2190.73837,1884.87049,17494.7936,140736.806
1981.04733,2250.91521,48215.8453,85150.4845
2358.99723,2915.12511,36556.452,240377.3
2184.67006,2847.61271,11421.5576,127564.787
1787.10846,3483.15348,44992.7196,189695.744
2261.90287,3455.96513,36918.8121,75153.1834
2314.47112,3337.06432,14200.9346,158526.358
2464.89507,3254.3943,28456.1473,177010.51
2645.70927,839.755572,16184.5218,178047.114
2489.75084,2808.53917,37027.0521,58950.4754
1969.86418,2582.49449,6445.28987,176565.077
1743.23332,2413.59125,34732.7257,176757.317
2678.88216,1994.48114,35502.112,143254.482
2364.73806,1664.43525,8017.96055,211475.388
1875.10578,1010.19424,29562.5626,124235.101
2162.92025,3170.22946,33228.6162,70126.2689
2097.12909,2796.81044,46340.5864,112821.732
2415.06563,3329.00907,37961.5126,207253.588
2484.28635,3763.61551,32092.945,178200.787
1932.34648,2501.87006,39604.0833,134896.135
1923.49899,3215.01777,10798.2838,36313.0725
2272.09207,3484.83659,17249.2749,127463.192
2223.98672,3543.69035,22648.7477,101202.958
2143.94278,2700.60644,32185.8654,78813.9441
2117.66344,1411.93451,17263.0873,177841.866
2334.06554,1041.41182,43701.279,195483.836
2542.75838,2149.6584,46643.5629,96378.9299
1973.67708,3891.06323,12755.7511,69606.7563
1942.2822,1164.37738,14674.7271,84899.1105
2155.85743,2912.83129,6787.78379,244694.15
2616.13338,1190.22661,20898.5342,67428.4639
1903.28187,3235.6911,38158.6759,238390.037
2168.42799,1682.8906,48627.8569,61940.5837
2060.58664,2622.9338,41627.1312,248468.837
2365.39295,2129.4271,13114.9024,73117.2176
2561.19418,1936.11971,31886.7997,146555.149
1917.69712,2522.46557,43712.1051,179120.189
2231.74234,2342.7464,41611.6745,238977.596
2027.30914,2747.54237,41596.9455,185293.184
1785.79549,2204.60918,13085.0572,115734.103
2385.45477,2106.34237,49465.5306,111800.889
2408.01402,1292.94483,45602.2617,43639.7619
2325.10612,1156.77075,16097.775,131798.197
1928.06541,2503.8406,30231.2819,95113.5578
1877.72029,3308.69767,20959.7719,204445.369
2668.86844,4014.09731,23445.1211,37345.4224
2458.51185,2594.02884,48074.8917,211669.018
2093.03912,1100.08784,29149.1097,191586.78
2202.98692,3070.79163,8704.17139,198164.821
1955.47812,3486.29887,23593.7516,57334.5465
2355.59922,3224.54481,48983.7154,141093.377
2123.38118,2895.09846,39803.6859,162300.179
2301.24323,1068.98966,31061.9995,196108.552
2582.99193,1059.80689,10465.6994,38525.8111
2009.851,2619.05601,38729.2047,68282.5261
1776.17774,2222.12119,49425.7448,114912.31
2653.25844,3437.15835,16271.7783,216792.848
2508.46655,4025.32765,38623.9494,234395.439
1999.6437,3118.52627,9258.32438,121496.038
1875.36433,2288.90474,44790.2948,166903.819
2342.94449,3911.60846,32436.532,90428.9805
1830.71156,2601.82875,49437.4699,129908.565
1839.28386,1718.87857,41694.5568,226506.722
2571.38628,1975.91317,14492.5027,69488.237
1718.36523,1198.45663,38936.937,109899.829
2263.08743,3123.74607,14622.9868,151218.617
2307.63581,3442.05201,39708.3851,142870.146
1859.2774,3515.1892,33617.0873,142189.078
2476.38787,2641.37187,38716.7441,179604.157
2011.26542,2672.68529,46079.0154,101574.485
2505.17491,2746.05159,15360.4274,212298.424
1975.10614,960.393647,18668.9497,108485.807
2186.437,1186.07392,26697.8464,206435.779
1878.69008,1614.35557,17802.0838,52024.9824
1766.36996,1177.301,49864.8991,188609.232
2157.88588,1273.51334,45352.2692,232432.623
2455.64273,3152.64806,8146.77979,191005.194
1914.1562,873.798641,21442.7577,66541.6497
1894.66346,898.900775,29670.0297,70313.4254
2040.88234,3756.97702,37961.7689,205591.591
2191.49661,3146.10304,15714.8501,121826.149
1934.50917,1022.03484,31003.5551,217060.75
2577.80856,2651.02554,46791.0009,47573.9344
2338.67203,4037.97708,22468.4128,51659.2308
2141.14085,1504.86144,48463.1703,59957.0122
2109.49601,1349.5982,41056.1205,56504.5075
2490.56394,2078.18897,39366.6725,238744.089
1978.45084,1342.0411,32688.8854,224181.067
2248.56362,2939.97498,37498.9058,191264.839
2575.41552,1869.97009,40916.2283,134724.583
1893.90436,1642.32829,36211.5701,120434.593
1891.43639,1628.10593,33639.3143,116240.866
2483.13534,3226.06569,36857.8714,85473.248
2656.50975,1399.00864,30481.3715,66955.4995
1768.65969,2897.68731,30913.93,148728.031
2541.37863,2476.0544,42517.1214,171239.504
2437.82071,1724.43662,44904.1991,191388.927
1845.08598,2314.97827,23635.5638,249327.624
1976.62255,1309.30483,29596.2581,46130.5346
2636.712,3372.36845,37366.0927,95589.4186
1740.88785,3687.95389,6675.44556,32805.3211
2629.81173,3986.12359,17854.9639,63663.7786
2391.94237,1992.7904,44988.8873,218711.436
1760.79382,1958.43441,10451.9754,103043.554
2649.73669,1793.31336,45010.0059,204624.962
2668.52877,3876.12374,12595.1096,63417.0946
2469.24554,2762.75645,15511.6232,170682.403
2164.24196,1046.83609,26108.2478,114070.451
2625.72478,3736.28748,7810.22998,82692.8155
2177.99499,2137.2134,10035.1384,195347.083
1932.37802,3988.16117,49569.5581,142319.754
2573.85652,3645.45436,25782.8707,152675.013
1890.79577,3891.94841,22010.2908,218097.016
2457.03381,3810.95076,26513.4948,125450.759
2512.94393,2518.80729,39172.1192,201163.286
2292.66866,832.210082,46607.5609,245298.941
2287.63866,1996.78529,10776.5164,197283.663
2533.61671,1494.21643,46676.5787,179469.53
1981.78753,3386.01014,30024.3549,225570.462
2313.0051,3925.40357,39182.5488,95188.4504
2563.70184,2551.64221,43026.2935,137400.369
2111.94377,1788.95983,19683.612,208945.086
2584.67223,3671.56475,10710.7921,167938.534
2036.41511,1112.66463,44286.1585,39078.6562
2103.11532,1302.10439,28900.254,241491.513
1738.21611,3548.52193,10730.7992,123374.518
2595.29213,2486.76854,8815.24746,213923.213
2156.51704,2393.43307,9161.03236,139552.225
2076.45138,1618.73509,42366.1111,120385.908
1974.87395,3224.41242,46430.4065,31555.8053
1799.09021,2391.15419,20107.3004,100010.848
2425.65512,3682.00327,43733.8984,84674.133
2469.48698,3345.17027,43935.2521,51418.7238
2513.33924,3605.15052,44066.4303,88679.8984
2381.87486,1902.11695,25244.6747,98265.8019
2509.82765,1990.59671,15771.9317,249147.878
2315.95864,1648.07816,35608.0349,53222.2179
2085.43688,1524.73969,21622.9106,93112.5042
2520.44088,2230.42937,34660.0965,31761.7889
1740.7365,3047.06145,7877.53764,118255.237
1826.49205,1328.15741,38421.4152,130546.935
1877.2645,2551.31565,39332.9249,78361.3191
2568.42527,866.378224,14421.0806,36653.9961
1941.71373,4012.47945,24660.3432,158140.828
2430.46506,2157.90276,48102.5024,238005.296
2602.25827,3220.88949,18098.737,69434.3202
1769.4552,3667.35319,28269.06,227145.748
2622.07983,3348.5097,38963.6038,158953.367
2265.28079,2856.8239,16572.8635,63158.3451
2058.88723,3396.20434,12335.8569,91871.5121
2068.2554,2293.01173,37432.0694,44902.5049
2671.11042,2176.33224,20221.1963,230978.266
2530.88806,894.876241,31292.2025,59404.7382
2169.02977,2943.04908,20583.0192,187867.425
1961.76297,1910.35152,40334.7977,132509.831
2246.02658,3058.89489,41195.0693,244112.596
2134.57435,2402.08638,22786.7015,36888.5941
2032.02568,1567.53479,6411.15915,190020.332
2275.62468,3527.34554,35131.2024,243794.087
1964.38522,3384.90384,34843.384,227453.528
2079.28942,2520.30424,11799.8459,143534.182
1980.55913,1043.59376,40107.1238,131452.771
2583.41023,2824.96223,35855.6945,55637.0492
1903.80433,1859.12245,32341.0661,53051.6244
2391.71777,2546.92801,10121.9228,249666.584
2261.00089,3319.26858,28757.5215,197694.468
2271.40287,2321.49418,28090.7726,154368.228
2044.53336,2740.6284,10724.7836,225134.653
1852.52522,2712.12505,46842.8117,122575.492
1752.42023,1496.22656,13220.673,220503.129
2662.46074,1932.46542,28733.7963,44915.9004
2340.25402,1536.94795,7625.15477,157788.133
2604.93559,1553.61761,30908.867,164524.495
2162.02613,1869.37061,13384.3965,118404.215
1744.4406,1480.99754,15077.3284,201092.581
1946.24181,2544.16175,48721.7649,116666.715
2481.37168,2610.43721,27268.1265,63738.5152
1903.65845,1042.41528,19478.4839,95112.0315
2471.05139,2742.06907,22812.7758,61602.6935
1929.54869,2897.32401,46307.3182,223109.152
2524.40335,2643.1909,41070.7827,68957.6766
2592.12652,1644.7199,23894.4848,233608.306
2080.60554,3676.02695,42938.0433,170287.737
2459.80712,3575.42204,47214.9997,46322.4892
2078.26886,2243.88142,37181.1027,206905.226
1998.06433,2429.04059,28069.2875,48372.3119
2331.083,872.051299,8663.13666,167425.888
1889.88434,1020.01537,20695.9258,248450.787
1906.10151,3563.82596,17160.9246,206236.627
1964.50473,1895.48381,39689.5637,205853.364
2233.82391,969.200102,17676.192,110306.235
2293.25135,1830.62207,28033.0759,63027.1344
2633.33506,3316.36789,11479.8032,103220.69
2372.26168,2734.11251,26311.2755,167814.715
1723.64532,2504.3007,32852.4205,78057.2317
1729.04447,3999.37193,8996.53066,34469.0307
1946.19746,3458.50504,18707.3787,69833.9808
2623.22309,3935.96182,41253.8536,85091.0226
1832.29991,3062.94455,42915.99,163935.509
1983.94015,3905.0351,28285.2989,247698.474
1918.84933,2170.40655,45802.3839,132036.551
1853.61819,3434.05224,16623.9033,156281.016
2429.26005,4054.42095,29409.7337,184450.804
2601.97457,1341.79574,45006.0382,207828.736
1790.71931,869.278127,14836.5699,202211.878
2392.82296,3791.64858,36691.2841,189635.445
2661.58691,3516.39372,8098.69224,186286.363
2063.5396,2278.12704,44306.4639,225822.748
2305.86066,3057.73276,36764.0188,81854.3898
2053.14149,1617.65329,10796.3729,86663.3791
2331.59884,2128.93973,45795.2478,128858.663
1771.63677,3303.85003,38348.9853,206832.79
2252.78986,840.996236,37249.0586,104212.565
1953.10801,3345.30414,26929.9573,47990.5556
2097.74852,1291.37487,37664.8436,178388.217
2225.68045,909.26083,13960.7386,71776.6223
2118.03589,896.2098,27455.3937,229383.276
2362.13297,1808.11204,33005.8538,82916.4373
2125.32364,2062.95889,10139.5499,96701.7731
1912.3423,2172.45098,38134.1107,245347.635
1846.59818,1985.36154,46139.3804,64568.2619
2143.20986,1987.26466,48822.3409,96630.9496
2144.3527,1193.0959,7365.53305,127359.048
2321.72804,1987.75342,30471.9061,33467.6419
2036.46785,3375.50806,40290.6372,58498.1419
2623.35298,1354.3302,14745.4599,128476.231
2469.69232,2447.28535,43101.1403,69591.8966
2349.39151,2500.05054,16002.3236,71236.8973
2085.53161,853.599839,18417.4087,90578.3346
2220.95308,2303.92511,42045.4207,182560.426
1771.05773,2915.73139,31169.0522,69159.7162
2169.38813,3290.90905,12153.2919,50110.2603
2236.95905,2922.89772,11365.2094,144701.297
2300.01524,3741.06827,20234.3426,182365.969
2080.58369,2519.86795,28968.0669,194246.88
2558.8826,3369.77097,19298.815,59673.4908
2183.29089,1183.92247,34519.0077,182701.623
1990.78131,3093.93139,10499.2849,179226.196
1965.5486,1760.71199,37017.1859,151142.454
1927.66221,2573.43303,22950.9262,111407.635
2263.60863,1787.10183,8552.05226,192321.167
2467.65833,3752.75044,36889.1482,226041.782
1881.44799,2167.01478,23875.6085,132331.272
2415.22316,1278.63906,21487.319,100227.317
2135.81092,2140.38229,43401.1219,187408.187
2376.43623,873.351579,40498.4024,237712.627
2637.15315,2725.62476,32502.7856,189555.008
2211.84762,3756.59789,28081.8742,119759.311
2037.81094,3135.88494,20136.1756,183558.28
2046.07934,1595.12004,16741.6031,162975.88
2622.52188,2187.9414,49485.7683,190794.698
1914.11653,3670.50373,26188.0466,145634.863
2479.66021,2685.94675,48992.2547,164202.75
2146.42258,3888.40438,45043.74,182372.33
1888.1509,2649.07896,20710.5713,121537.916
1866.20482,2244.0549,37800.2061,59140.8548
1955.49761,2264.97965,16340.53,235270.441
2541.41286,3057.0409,48917.577,93833.1352
1789.41543,3814.21713,20774.7007,158960.534
2163.06336,2649.01297,9227.93962,140470.633
2652.48381,1041.01875,16980.0743,206957.207
1981.64522,3451.79019,44542.4773,232612.003
2041.65975,1457.58835,15547.5248,82396.7035
2167.15197,1240.82906,47174.7165,183213.607
2440.27505,3730.40522,14200.827,100600.186
1793.48886,3283.80625,30976.8976,182401.664
2053.47727,3905.41691,9759.76841,163173.324
2007.99361,3897.28288,38929.374,191637.681
2503.99132,876.207036,15806.4424,176208.168
2096.59781,4006.90472,49412.0905,123911.425
1976.3792,1443.45368,26620.3513,189376.342
2293.61326,1640.74889,33818.497,169869.117
2169.08062,2533.22179,44801.8967,233263.418
2589.7804,2211.69778,49705.915,103467.773
1977.59663,2539.2211,39272.7566,101791.649
2077.05767,1654.14181,14978.6124,63368.0768
2471.39984,2706.94926,38994.52,107961.543
2409.43979,1495.85948,35814.2486,233369.391
2538.40042,3998.26461,19184.3443,175447.167
2161.28297,3262.3373,35984.3832,205619.197
2004.0705,2289.76308,18930.6798,161817.068
1807.50567,1682.2236,44095.5677,68616.4396
2374.32077,3567.90137,13930.065,179406.054
1857.24808,1414.87311,38763.0061,148297.994
2407.53377,1363.84105,47714.7437,56202.821
2636.42735,3043.74778,7163.99419,38158.1002
2465.97485,3570.49192,46046.3196,154880.157
2322.1177,2429.60946,24114.4395,151008.223
2048.51468,3936.90782,18075.4953,48675.02
2207.7425,3491.0255,22618.5662,90224.0231
2556.09986,2490.54231,29502.3799,221393.824
1777.19324,2689.72947,12597.5251,42955.4063
2416.21452,873.721859,39433.666,46321.5727
2355.25316,2748.60442,41361.1219,166906.275
1845.23333,1129.52515,10752.3041,65065.1354
2611.22972,2210.68238,49560.6457,78875.2903
2393.61847,3436.9974,28850.3984,200982.55
2243.87468,1047.91007,18475.9601,248300.95
2635.0483,2311.54808,18207.3508,82624.3124
2661.43533,2292.48902,47354.0158,81666.4313
2212.02001,3466.7041,12399.1096,218954.511
2069.70899,3411.8341,18910.0011,221838.735
2443.83054,3750.61947,26492.5052,131431.795
1933.61808,1198.00349,12734.6651,137755.883
2272.04537,3010.89262,48114.1814,224634.393
2437.35084,2981.60109,17303.4542,99209.7974
2633.9589,2493.33046,29905.5922,217687.964
1787.22265,3078.2339,22048.862,44012.8069
2272.91995,3490.60217,25706.8176,55855.3307
2058.50541,2840.35057,49990.5322,245680.868
1798.72847,3724.63305,36501.9084,143676.566
2472.82279,1429.87304,44184.9625,189088.771
1950.29625,3561.12121,29141.9793,137315.821
2084.81249,1405.2729,11705.6801,45902.6393
2214.42931,3086.44684,10474.9624,191357.418
2076.07616,3199.07225,47519.2406,94544.9048
1793.05387,1126.28256,35453.7833,93716.9741
2191.6577,1050.39184,19747.9517,31355.7459
2612.01433,2219.2757,39734.1042,140271.709
1900.41585,3788.2345,27647.1203,101415.717
2098.65437,1541.40576,29106.1318,145467.991
1918.24601,1106.4125,23970.7615,227197.364
2538.8244,2902.11412,9256.82116,202164.812
1854.9505,1401.87075,23812.7381,165538.758
2407.22889,2192.71269,26670.3094,33905.0618
2427.88722,2504.91237,10902.6888,132325.063
1728.02779,3050.42627,36166.0721,176809.538
1918.27761,1293.0541,42535.0066,80882.2478
2152.07102,2182.47287,26371.8279,107063.972
2027.43781,1721.03154,7023.4317,71725.7602
2454.53112,2228.11952,49159.4797,198870.968
2408.75486,3569.84113,45225.9908,147559.018
2039.57502,2049.42825,32020.5917,137106.05
1749.22141,1682.15465,45142.6382,90587.7942
1896.88836,1277.21379,17986.3693,160209.549
2643.77492,2171.04477,18767.0309,61053.3785
2386.06093,1510.45609,15646.0001,91733.9277
1726.61458,1104.73488,16862.1446,234861.051
2570.36881,1609.59984,26248.8194,44989.283
2597.21904,2122.2622,18661.0026,147584.762
2660.98492,3841.77659,23939.74,160466.128
2029.64742,1613.59899,26037.294,170435.096
1952.14147,2167.37055,33994.1677,121114.464
2625.84854,2609.44167,45672.4728,229787.588
2463.36298,1421.07662,36904.5488,247184.153
2519.13302,1430.11159,49102.4016,120769.718
2608.50125,1174.64183,42627.0059,46477.0819
2184.50328,1745.26939,41419.0147,207486.976
2655.13016,3852.92216,38935.5617,238435.154
2582.04547,813.411966,18287.5923,110361.744
2587.14759,2725.57468,36510.8489,152765.519
2445.49223,1033.68439,30770.3395,155803.123
2042.05544,3855.42354,34191.935,194136.021
1909.30639,1992.21449,39689.6589,208115.747
2624.18962,2278.91715,34681.5662,130780.754
2407.58727,1301.99305,16271.9768,141844.869
2419.94004,3431.79345,25569.9333,47689.6398
2020.5626,3250.27717,22541.5472,31641.1684
2472.92114,3261.69075,9856.44235,90373.4102
2126.04741,3907.13099,31326.7296,170913.708
2579.49816,2005.21196,33638.876,188001.039
1721.40844,1161.9688,10921.6814,46030.3875
1791.99529,3613.32471,37300.6909,199901.612
2323.13608,1381.33851,38408.9561,147181.716
1779.40799,916.518246,39506.1996,128435.994
2377.79621,1601.07074,24419.1279,179898.63
2046.99903,2937.08283,14171.8876,158837.151
2131.52392,1568.74765,26119.5195,42532.6076
2316.81126,3197.81037,35117.6055,168701.489
2215.55182,2058.71403,18810.9752,49438.6276
2416.59543,2030.38236,23159.967,214526.57
2553.68051,2640.38404,37260.7981,86517.5004
2167.61782,2198.91505,42162.0854,95463.6879
1848.966,3070.42412,15229.3209,43796.2273
2023.65829,2693.13545,14991.1953,36905.8933
2449.73326,2649.30301,23638.8292,202812.987
1909.40757,3081.75271,9845.96574,104720.825
1985.52654,1300.14424,35373.3713,227213.508
2115.12822,3423.35764,47935.3109,75738.2438
2241.37624,3387.19231,7925.92405,44653.6628
2209.41506,2156.79526,33418.0524,145206.358
2325.86016,3362.10246,35810.7092,248558.703
2134.56428,2146.14029,41572.6757,31709.444
1776.60956,1863.28858,36609.4676,231758.805
2499.39374,2355.82384,37353.62,143048.19
1809.02639,3433.31773,33633.8552,146189.591
2165.69389,3428.52932,30774.8552,144740.879
2593.38361,2020.21208,28601.2346,78681.5464
1790.72537,3052.60806,22815.9012,216049.245
2560.09492,1183.23274,39281.0133,102156.104
1972.76727,2578.91908,7186.22846,213692.141
2313.18472,2735.70667,22573.6536,195975.513
2172.8547,3617.44621,23774.578,85072.9404
1913.8514,2901.35841,35077.6264,136632.313
2484.00192,1249.95244,28931.2098,221782.141
2200.37386,2485.13425,32087.9627,231451.099
2289.8276,2750.31143,27812.6892,223437.092
2664.51031,4018.27634,12039.9309,135921.224
2483.87947,3156.78297,7035.42839,135194.881
2438.66163,3716.1369,49311.6826,37498.0139
2252.66595,3809.88565,11754.1227,142945.554
2250.74537,2190.12068,48010.504,157371.429
2094.29561,903.811069,19851.3319,217928.794
2503.05997,1943.27198,32417.7634,161305.889
1768.8665,1791.97164,36520.0568,98318.6037
2294.70984,1345.21658,31214.3064,207392.095
1747.22423,898.059007,9956.55405,185907.666
2343.52396,2425.5231,17090.3445,165552.871
1937.46722,1032.56106,37775.0973,177459.757
2276.66691,1678.56154,23028.1542,125311.439
2292.71424,3473.23213,46375.1723,71091.536
2172.75973,1367.87067,9587.5267,118384.245
2634.39872,3705.54169,40261.1298,94332.7671
1816.88286,3900.16514,43604.8847,208015.811
1838.03886,1684.29746,31412.1201,168211.192
1748.8663,2709.06615,40815.8974,209399.001
1731.95168,2094.60771,30207.6886,189355.784
2575.06143,3259.41175,12618.8024,33570.1943
1889.14528,1513.79743,30268.5506,119695.071
1887.20585,2137.88802,42066.8993,78913.4733
2418.01128,3894.25354,23809.1293,185475.811
2472.87233,2545.76849,24482.3272,91437.9241
2009.4998,1951.90616,35283.4393,125893.466
2440.62958,1076.00537,32774.3616,123365.511
1781.17008,3099.33282,25624.565,69215.4748
2378.21499,1821.37961,21856.3787,144334.862
2478.83164,2264.8938,19509.56,179771.5
2335.27062,3641.5467,41714.2412,234505.686
2264.94507,3201.27781,45195.8466,37622.4035
1817.09895,3955.71681,33197.201,56129.3103
1981.18263,3047.44876,28666.9125,109130.866
2101.01385,3189.53301,12816.3657,244239.324
2378.94886,2474.46024,16753.5174,238889.603
1814.53399,1810.70077,19726.5911,144564.987
1778.05888,1324.85231,45233.0385,238723.236
1990.61557,2905.6118,48597.6663,198949.546
1956.51345,853.175491,12833.1843,196139.126
1780.40482,1000.80866,41941.4784,57576.086
1787.4204,2071.23285,19642.5953,165998.131
2616.38937,2298.84868,28395.0524,210303.839
2609.21353,1995.32285,27996.3376,35217.9574
2286.18751,2926.85869,19471.9364,173109.53
2528.00958,2726.23324,34490.6939,177754.084
2436.55515,3587.32109,11178.697,243151.828
2587.76382,2967.82094,10632.983,199040.365
1757.14892,869.655496,39436.0052,78257.4594
2633.70938,2703.70105,22923.5027,45416.7802
2499.19078,3455.60785,8764.34962,229276.964
2382.50475,3806.98289,12656.3352,144560.697
1901.92911,1265.13694,46801.2749,79447.6325
2281.43563,2166.18634,33131.1046,71033.8194
2405.02778,3816.43108,27158.4575,89627.9473
2275.75247,1927.2031,14347.9037,221585.761
2064.98801,3100.33382,8434.61749,188289.294
2142.17374,2388.14786,33785.9685,41217.0976
2239.01613,3090.04295,41464.8919,75320.8649
2406.62216,3693.47311,30242.9976,124407.992
2144.81106,2211.75111,10260.7583,175416.855
1821.94882,2502.50918,41441.5296,74199.0959
2155.15175,2742.14618,27406.6662,40313.46
2295.86533,3083.31805,42585.8673,92626.0541
1911.97757,2983.98118,22627.5189,127019.702
2491.75864,2129.67275,49703.1108,47186.5827
1823.75904,3281.81963,24321.4532,80402.4523
2422.161,2179.84057,31692.8608,232789.007
2572.15519,2996.58267,13017.8348,95596.5866
2191.78719,1228.3255,47133.6128,231951.461
2068.03439,1613.01747,13553.5526,62256.3961
2661.16923,880.917704,41597.4353,96166.5539
2012.28808,2343.35214,7462.91328,143035.339
1924.25523,3200.35328,38010.1487,235052.045
2117.59239,2429.11805,16729.7355,191240.46
2646.11777,3172.31065,17637.7759,75074.1323
2201.26611,3274.18601,15543.4074,249067.955
2358.97305,2683.18996,24000.8733,43847.2599
2152.44449,3091.89201,14184.5892,242433.16
2061.55727,2972.56448,11380.5044,74728.6086
2434.81083,1092.44489,28846.7568,58934.967
1778.93215,3286.25726,34723.3494,113537.308
2248.53444,2440.66977,39215.9021,234927.873
2243.22712,2785.37376,44978.1095,107252.053
1744.99149,2302.88645,22557.082,68081.5219
2504.76823,3564.26033,45150.6356,145547.872
1839.05291,3566.65476,32197.1582,40409.98
1971.36206,3175.65497,40640.8172,179255.197
1919.18083,2012.3037,21572.8077,247969.554
1904.62241,1772.80169,32666.7384,229657.612
2470.88077,3673.32488,18755.7672,187222.848
1936.77757,1584.88978,26256.6692,130137.66
1795.86096,4057.92842,42475.4919,217230.523
1870.18596,2445.19597,6840.19081,162542.533
2451.68644,3640.59697,45844.708,104837.424
2578.89984,2995.13443,11754.3279,247647.283
2134.79359,3399.77601,35842.4591,106841.297
1900.34084,3314.38654,49999.1622,169644.407
1954.76253,2532.03261,35772.7886,245822.157
2479.43695,1581.41651,46615.5959,90124.1791
2227.41164,3395.34228,46528.634,222268.722
1947.10477,1211.02298,23085.0918,239005.235
1957.28433,2793.186,13823.8743,226439.949
2246.57952,1323.79676,7004.35986,119615.374
2557.58387,1789.46439,24442.3185,151210.546
2258.76617,908.906622,21383.3102,190117.223
2208.04029,3121.15209,44435.0085,118662.767
2185.8098,2813.40623,27455.2172,241293.587
2293.00439,2565.60125,28886.6215,186016.064
2581.88441,2567.44113,27850.4586,240660.201
2236.44171,2329.99011,31308.4655,248481.623
2044.25599,3625.84701,11915.25,135339.941
2617.59586,1366.16596,32134.8007,78786.4963
2090.29496,1680.84189,17103.534,153463.341
2448.44478,3515.01109,14434.955,248622.304
1747.48245,2341.49146,22866.7739,49694.1266
2366.11709,1558.49968,36892.2777,100057.452
2359.77565,3941.43373,17865.6756,149123.415
2088.81469,1828.31109,33758.9672,48855.9977
2083.22121,3661.61651,40339.8263,180765.271
2597.15769,2302.43341,16564.969,196110.447
1727.64942,3198.20692,16325.8512,95046.8838
2093.7313,3706.21023,29164.1889,225421.372
2091.33186,2548.68099,25508.9331,209903.796
2278.00284,2785.15629,14336.6389,68053.2227
2121.06748,2824.66613,40027.1274,75340.2758
2413.99964,897.258848,7282.2154,145200.062
2413.48706,2614.25863,35250.1761,134902.087
1880.57574,3238.53355,33268.5093,36424.6949
2616.99887,3053.20568,14228.9519,88531.2946
2649.08864,1717.38285,15274.8714,192122.96
2551.95251,2343.49173,45578.0872,94894.5862
2467.35837,1329.67516,48887.6564,93539.9826
2490.16357,1037.05966,46032.3684,31818.7711
2169.68914,3330.33198,39804.557,117398.252
2021.30895,2874.9607,21179.1804,81774.1546
2221.06819,3371.67144,20118.7025,82611.6855
2406.98643,3992.48287,48490.1393,243663.955
1825.32827,3803.69524,47284.8968,137566.258
2198.03695,3112.87558,35009.5241,65202.0499
2173.66986,1482.85907,49855.4946,126463.513
1994.23172,3174.05795,24125.5785,76806.3784
2296.09598,2179.9465,41171.5801,165642.993
2492.94106,1849.43548,40952.4239,129771.165
2517.74357,889.246516,7676.01478,207570.186
1820.57834,2333.27717,37509.6133,88697.3416
1822.63931,3868.34955,17691.1661,90972.0968
1871.02843,4012.58224,7129.88293,148222.764
1829.86794,3273.99487,40857.1398,77848.8
2049.96114,2601.9409,31835.5013,202534.492
1891.79933,1510.45256,35168.6418,110285.376
2349.59201,2576.96763,10942.2476,165716.197
1971.88761,3038.70834,44878.3869,207212.783
2105.67022,3442.2807,36190.3999,146671.41
2059.77313,2450.43957,37412.5618,56890.0961
1838.86366,3357.99852,7830.58911,33033.3802
2127.4592,3141.89551,31025.7651,207326.454
1842.17908,2848.71407,49813.0022,76703.5904
1775.32576,1846.30322,21007.5501,52055.8939
2248.56526,1042.07862,24493.3817,247145.842
1889.76081,1356.20842,14588.8012,96715.951
2188.3555,3931.0681,30092.2217,199856.603
2494.46803,3693.90527,26431.1174,176022.177
2636.88492,2885.50298,39608.0548,185067.722
2365.56497,3089.96812,43490.5297,125449.146
1996.90486,3597.12174,19195.7411,98940.7867
2200.36388,3197.31249,48993.0574,159672.431
1727.35566,4021.58036,23801.5817,232442.212
2006.24629,1360.81899,6422.74136,64460.8086
2151.18565,2015.26963,33592.9631,92917.6442
2659.04345,2872.54069,39785.7758,244816.745
2099.22518,2737.29407,6631.88779,113740.129
2050.40704,1666.15632,44494.9973,73541.2906
2674.03067,2565.39766,27113.6581,34771.4728
2621.41904,2595.42267,39589.0751,158862.48
2135.16515,1057.49428,14563.3648,249695.472
2052.67593,3999.67909,8580.73112,225084.204
2151.81315,3259.00679,49219.3288,212973.033
1843.98328,2868.09603,34606.5348,34840.5574
2239.09893,2271.18272,7037.8928,156953.716
2526.52731,1415.59535,43087.7457,65289.7253
2541.33109,3177.73781,7214.98377,42777.942
1961.7778,3007.75302,8407.01803,112565.089
1897.98325,1340.1837,8414.69342,156247.458
2651.77455,3750.74144,42417.7759,37535.087
2428.61628,3725.46818,46931.5451,210741.367
1899.7055,1197.7329,38050.9479,190368.023
1956.09916,2473.64451,33613.7114,145941.688
2516.6962,979.099072,47162.7653,243110.889
2630.18142,1249.59637,7215.00421,38025.2224
2200.62387,1225.38253,43504.4831,243965.162
1909.8105,2905.3977,41761.1514,234650.448
2326.52358,3594.1446,41267.2121,211251.863
2155.27452,1396.67547,15657.8723,170933.367
2154.74958,968.009192,16818.5697,117007.425
2588.22684,2932.08625,21391.2833,144328.508
1754.3414,3393.80661,11578.9097,70876.3432
2318.73149,3826.8788,14299.5753,215094.48
2412.54289,2833.29795,22976.8361,161261.527
2170.13469,1601.35408,9613.12956,138324.384
1783.78435,892.696812,41288.1074,205705.864
1954.45411,2342.23666,33927.645,122128.979
2082.83959,1075.6711,33835.6232,65020.0649
1954.51827,2527.36916,37964.9928,202000.891
2162.38661,1759.6483,28199.3699,246825.288
1781.75316,3771.79113,34884.2139,96985.4866
2353.28054,1687.87754,16624.6795,104173.638
2330.48191,3005.48983,7681.80926,36191.9076
2494.19183,2804.00032,43493.218,64591.5644
2481.36626,1652.99842,17270.5337,44870.2539
2025.85864,3365.48861,17228.4512,235585.805
2004.47133,3249.04649,23666.898,158780.741
2434.11328,3001.16053,20965.2005,168779.316
2190.76626,2495.67698,8274.582,242747.325
2304.70305,1834.73674,9593.74362,245341.788
2598.92637,3043.66939,19265.672,159232.935
2459.56103,1186.83804,19971.2072,152383.106
2524.89067,960.72007,25587.504,126708.06
2362.80396,3674.28522,44114.5718,121013.295
1778.28136,2165.90307,12283.8377,127703.252
1777.08399,1558.96842,28555.2751,56694.9735
2662.14719,2020.4828,11537.5382,242069.403
2507.46749,1722.21433,37358.6184,191543.92
2182.17236,1414.05928,35712.4839,156490.462
2428.7614,2170.57416,23736.7258,120388.428
2278.52221,1488.47322,26214.5971,78382.0295
2658.36268,1714.85087,19262.8379,140074.789
2663.26717,2208.22041,32271.1753,115754.372
1904.54185,3911.83317,9126.13328,55602.235
2312.78952,1796.4839,50001.9641,141624.296
2476.3916,1477.15243,23499.77,190364.789
2268.06416,3125.22259,41680.9152,223980.251
1845.25771,1356.929,40694.224,221886.61
2116.29664,1910.97415,45972.5964,213708.28
1826.6562,2029.62754,30071.6197,77396.2859
2143.91446,1297.95978,23993.5489,151024.01
2031.28122,2920.11821,40974.2002,42459.8641
2327.63182,3870.32678,18405.495,230125.336
2029.08531,1754.91925,19749.8138,191331.978
2422.26742,3825.39293,48671.8689,182017.065
2524.34938,2611.79043,12143.6395,113968.118
1929.15618,2958.6574,33380.8975,47047.2428
2318.24816,1338.68222,38549.2872,86146.0138
2616.01291,3890.18519,35294.7529,39257.6274
1995.45937,913.25679,16791.7749,188060.533
1842.41222,3004.17146,13696.2532,217533.62
2509.06466,1914.03225,38101.5085,199721.464
2438.7464,1786.53438,40400.6297,219299.201
2434.36507,2200.91045,29889.6586,168639.562
2040.91194,3716.26987,39820.7485,161220.4
2469.40451,3861.53888,38494.1013,204264.897
1975.33975,2002.32783,17386.7189,130225.274
2066.06336,989.159501,42665.2203,86960.5011
2255.96084,3456.04497,11915.2309,138064.565
2601.34522,1415.71598,21199.8319,48690.9698
2607.53415,3737.92345,25293.8068,91187.3365
2659.06299,2352.55874,45118.0482,42126.6291
1748.98794,1016.86161,13478.3179,180620.741
2042.85222,3921.01033,33540.0123,42724.8
1839.47326,2369.90114,34838.6693,109830.758
2355.79513,1301.07583,18039.6871,101671.737
1895.76892,2359.5651,26431.9087,220693.667
1864.71228,1576.26278,19355.7734,115812.91
1804.31395,3549.05999,18018.0435,242448.561
2242.79088,1309.48527,33518.5705,54404.0727
2360.07782,2523.7558,29224.7501,162485.116
2186.67267,1197.80858,42336.5443,34760.3114
2037.58756,3833.06903,49016.3324,80841.088
2132.56419,2366.99424,22926.4339,228620.959
2214.45352,1637.109,25945.392,145355.121
2252.35222,3841.23018,14697.3303,165106.298
2008.44018,1369.60656,25296.7376,179933.986
2627.67996,3033.9744,49990.4799,66643.0238
1961.39012,2960.41953,32405.7347,117406.61
1942.0681,967.819619,25256.9989,207014.878
2419.72372,2570.0906,15121.9213,211538.321
2324.3967,942.962727,33619.1736,222983.482
1918.3955,3297.40168,17086.8692,226469.18
1726.83865,1787.16723,19756.9812,243305.816
1859.1575,2214.66753,10307.0326,179172.905
2219.28676,2890.9396,31858.4519,250018.25
2395.65392,1123.22097,30154.3085,164257.942
2177.48923,1819.71703,17562.5662,201130.244
1908.56239,1582.83645,48926.8401,105847.54
2577.4528,1095.25126,41111.0646,244323.917
2239.293,1958.76451,11484.0818,247470.443
2049.58783,2643.87878,12259.3184,134810.458
1742.23981,3711.58298,27920.2393,47571.7227
2137.66574,2970.60612,23354.8523,244603.487
2360.46752,1112.07919,32254.8775,187670.36
2626.83819,2549.86275,44473.242,176571.109
2326.82123,2805.6424,23908.7766,34540.653
2133.69046,3247.88991,38562.0628,149194.122
1925.17859,3800.57982,25066.6398,95251.2124
2259.78845,1718.12605,16610.316,133229.734
1866.9136,2808.99965,46392.7474,95308.8138
2406.84914,2759.31905,31806.8246,85371.5838
2163.2888,1593.06875,18712.8604,157578.653
1921.9447,3069.56819,14255.5197,38739.2888
1854.91733,3920.15513,26454.7219,58132.5458
2413.17984,1923.38759,25278.3099,144901.121
1976.48251,3841.14442,43920.1307,247618.415
2639.5323,2025.1264,45102.5767,61539.5823
2111.34085,1880.02472,30052.2195,244274.353
1845.8066,2364.33428,22002.9945,55509.0023
2656.07478,1237.46203,7953.65997,143011.589
2038.50571,3702.09037,6809.37328,121456.821
2051.34518,1271.08056,47242.1633,174995.947
1796.28139,1067.68695,16441.6173,32986.2321
2010.36431,3322.07816,17021.5869,154849.872
2025.89505,3369.42493,8260.54413,163862.546
2116.64704,2056.09544,40465.0151,154690.098
2483.82968,2166.4625,32842.167,194780.656
2182.84913,3619.87884,9720.92597,168971.665
2543.82116,1599.23644,43208.2523,92460.2565
2612.12709,3881.14038,15192.2998,93361.1099
1792.58329,1895.51312,29750.5195,125280.99
2632.68874,1173.84374,43990.4124,127010.869
1821.30153,3950.16337,43601.775,172260.733
1950.64864,3144.85138,33219.334,218860.098
1951.7972,3940.79177,35109.6883,175190.236
1845.81382,1558.85643,16531.1425,92858.1529
2180.91157,2133.81515,34526.118,85576.6485
1941.00901,1595.13442,14634.5916,155078.851
2330.56983,1909.6231,31970.4067,163344.113
2342.08535,1492.90764,8592.51597,103237.837
1887.86255,3994.61411,6456.63221,64913.407
2622.59864,1183.66586,36058.0146,38298.6709
2498.08166,2432.13141,10422.3382,41930.4354
2681.81865,1316.42591,16196.9163,38830.9439
2190.05892,3092.7853,29622.2474,198514.551
2035.17444,3806.24423,8765.54458,39892.7277
2638.63794,2000.44746,16460.1519,104831.936
1797.50142,2990.72032,49121.4353,132934.626
2650.90371,3852.52711,16451.6163,57391.1999
2296.94935,2023.75897,14000.6848,125926.613
2539.50869,991.84889,20938.0683,165195.627
2091.48547,1782.79468,6401.24777,96271.3831
2658.84025,2113.82391,19163.3401,179077.656
2648.15448,2884.36847,25235.8001,177984.421
2040.66469,3900.25746,32551.4987,136903.347
2675.96918,3168.01049,39819.2366,103878.409
1900.72427,3806.11957,16934.428,85760.2621
2312.40976,1590.08959,44407.4606,192244.708
2681.42552,2673.01631,22141.6191,208870.718
1719.11722,1661.30993,44973.1994,31719.8592
1743.99088,1424.55967,12139.4023,158885.724
2591.56683,3379.99846,32451.3192,155702.609
1905.17253,2463.93586,43688.1521,39197.5152
2665.88699,2548.2249,39165.7402,226988.686
1916.94079,1067.86046,40045.1541,112508.75
2249.25103,3828.29818,25004.3538,247840.307
2245.12377,2493.47956,49257.7458,222649.988
1962.55629,3619.6903,21198.4017,179303.003
2673.52742,1682.23047,47920.6675,246587.056
2257.84588,3402.18073,33680.0444,129506.41
1761.8694,1067.8735,6909.55863,238257.942
2319.34411,2217.25396,19975.5672,209259.796
2112.35743,3701.24805,11859.3378,229900.086
1870.47554,919.811676,26940.2205,59078.2378
2120.37111,1727.97891,10261.9606,132263.679
2500.94632,2720.41712,13546.8467,56580.183
2036.89041,2518.5299,41433.5579,166935.075
1930.33355,3621.21988,35928.0408,174354.271
1897.98229,3538.26479,32226.7324,128471.721
2587.33293,2544.35426,39118.4969,230892.243
2316.90474,1669.55312,17228.9211,135224.104
2092.17772,3351.24411,24768.6584,59460.3131
2616.58767,1857.59236,49431.4756,181179.989
1823.61978,1922.75974,46477.898,142910.184
2446.94576,3693.44697,17114.592,89872.8134
2091.504,2605.27175,12887.2302,136942.118
1836.1884,3180.29879,19168.7573,132201.101
2070.44144,4049.46713,14777.9834,229668.757
2638.18392,2768.72416,34643.6421,98767.1999
2394.13264,3688.84094,45086.3072,104943.652
2226.47017,3430.02066,30130.905,141687.141
2387.89346,1113.88202,17883.2038,143370.01
1906.82792,3922.30888,13748.979,240768.414
2314.65714,3240.84305,16692.3729,140937.632
2033.82056,2467.71138,8580.96998,189727.187
2205.57283,2569.14648,21375.0309,82231.3094
2298.92538,2919.17854,33319.7611,154876.342
1863.87386,2140.71591,10505.3047,32959.9973
1735.5036,1643.39324,26008.7492,41964.3628
1956.53361,996.739509,33466.5424,131070.746
2534.39872,833.295401,18384.9043,215231.594
2048.33446,3468.52666,15273.4337,237938.103
1791.74266,1020.6724,34127.2327,235834.846
1830.34158,3972.01663,27842.4096,211142.006
2305.22396,1987.7507,24572.29,87392.6647
1902.26624,3893.8392,38408.5343,88887.0664
2074.06617,1950.52149,14116.5211,83964.3564
2039.58254,832.705368,46186.6019,94548.0378
1761.38643,2568.50537,29243.9528,92958.9426
2110.20963,1271.56605,14735.7668,55295.9423
1742.80712,2456.7137,33430.5647,176396.434
2172.49323,2334.72214,19932.0305,90065.9525
1797.53225,3790.25941,40863.5822,197424.626
1817.81823,1002.31835,18721.9411,185129.334
1761.37699,3782.40832,37913.1276,162114.468
2663.68735,3780.40111,41758.5624,87842.4151
2239.9136,3892.29118,45667.8431,206208.534
2246.44988,1643.64032,36567.3879,84221.9298
2115.03295,2178.89972,32294.6456,110052.007
2103.72179,2553.72413,20277.5533,183955.204
2142.78021,2465.69319,38911.9506,138601.128
1963.65037,3296.56209,26226.3943,201208.278
1890.53561,3490.17536,31744.796,44448.9743
2647.02766,2405.25467,37089.0985,54235.9398
1975.65059,1176.36584,15506.216,179463.312
2194.54806,4010.191,31126.8156,244811.584
1869.56643,3439.08231,33755.6238,63353.1562
2495.02032,1592.18704,28303.9088,168902.552
2151.49468,3400.24607,43691.9124,170586.616
1797.05297,3573.26265,20410.2421,91204.6774
2452.09912,3148.14495,29728.1951,51306.4771
1854.78897,2514.32213,9619.82292,121796.86
2065.7815,3747.96187,22251.4431,109489.203
2415.23016,4035.57354,29438.6815,87352.7261
2098.13563,1629.48456,14301.8717,135219.999
2326.07056,2788.75219,23625.9516,78317.5505
1746.16551,2950.2342,39089.4647,246226.547
2175.92103,954.686085,8148.43653,46305.5608
2224.18824,1786.13149,41916.1135,113661.94
1815.52252,2018.05439,36981.2891,152744.316
2174.01044,3409.07946,45550.4368,178939.445
2390.99207,3051.01954,37637.8402,125090.636
2631.9546,3792.10744,18263.8333,177078.43
2330.87279,2639.66579,47528.5406,42980.4395
1811.50869,3318.17129,49437.95,200272.431
2526.42118,3385.762,23287.1018,177015.304
2649.72397,1285.32149,35049.3333,176216.874
2430.99667,1002.93274,37114.8922,158067.825
2170.2408,2695.42195,28507.5075,103997.602
2387.10138,3321.84835,42757.4553,43540.081
2015.82234,2527.12174,32176.7495,152481.247
1977.81072,2526.64285,22361.9283,203776.805
2167.46048,1944.77803,29311.7341,78405.8885
1732.1743,1861.25532,26523.7278,218080.169
1942.74371,3225.69224,14158.0705,160071.206
2651.08159,2378.29273,13596.3453,182437.825
2002.7528,1499.21916,22261.9287,137033.594
2141.3022,2018.86344,15339.7615,50631.6043
2356.52307,1398.82961,14558.9542,75504.2645
2558.80138,982.300155,11932.0403,153505.248
2237.23441,3690.44563,18025.9916,122681.633
2675.73504,3963.62903,30538.1699,105552.393
1803.71412,1405.95564,42054.168,206989.705
1734.70753,3614.94984,36887.2526,182270.038
2375.67374,3194.46517,28062.3925,183278.841
1942.42903,3911.8629,34458.4187,104199.489
1952.226,1150.42123,6704.13916,79557.2601
2381.82034,3065.91973,40612.3478,87346.9337
1849.3546,3964.5542,11795.7887,94994.3949
2632.69583,2229.57286,36057.3399,75302.1052
2544.65456,1761.54311,49350.993,199810.024
2247.3104,4005.91914,26007.4415,120842.912
1887.86908,1733.40063,42243.5227,228598.269
2324.46514,1444.26272,25200.0092,197912.467
2593.62043,2010.5747,36555.6784,208944.732
2017.14751,3859.66201,34222.1726,160677.572
2256.5916,2646.63673,17718.8465,187901.776
2575.9513,896.9676,26246.9986,70158.9747
2659.0782,1417.7952,26148.4273,226444.134
2214.17113,3173.67356,10430.5309,225927.012
2307.49448,2544.95731,26762.3094,91582.3355
1734.78704,2538.93374,31892.5782,102019.896
2544.53643,1413.48186,38605.2552,54567.0357
2107.98317,3507.60437,24913.7536,206289.735
2155.41667,1608.44855,45146.758,147757.806
2074.74843,4022.59685,49173.3134,224211.099
2436.69511,2662.34993,9547.55525,193810.983
2150.3801,2987.88939,49808.2765,174468.219
2469.13384,3639.8352,29664.3026,196358.16
1741.71383,3514.0387,11743.3579,144282.52
2288.30192,1242.26185,37619.9604,48002.476
1884.51988,3608.77687,31681.5935,115728.867
2093.49036,2953.89489,28509.789,217447.416
2415.13521,1411.20056,44659.7023,185875.985
2012.82281,1636.13987,35108.3953,45694.6039
2544.53411,2511.85616,37333.3237,231105.819
1728.70655,1713.74174,38504.2468,225760.312
2371.1096,3333.4834,24541.3276,233174.999
1828.13384,3933.61881,35338.33,188321.951
2351.11826,3204.61641,35656.0916,83198.007
2263.6985,3520.03892,12103.9716,56406.0558
1939.289,3487.30901,26305.62,242867.114
1761.08373,1629.59032,8865.79442,33746.9555
2167.1692,1231.16683,18402.5408,130973.222
1910.96346,896.808161,12397.3225,35529.4887
2268.42088,2469.43866,22529.9652,125405.413
2257.53622,2304.08805,29794.0112,234776.17
2588.22255,2005.74149,27391.4353,207792.502
2291.10043,3168.2598,37958.8054,63639.1818
2057.90043,3836.31567,30697.239,220382.395
2643.93683,1551.59737,40842.0564,228844.717
2120.04163,1397.58338,12909.5044,141762.717
2006.30335,3607.34145,10109.8664,243535.275
1751.82797,2804.15853,39142.4862,101447.951
2664.39306,2755.29582,16784.1015,198888.982
2378.77451,1078.26268,38639.1687,246290.022
1845.41105,2001.08791,16633.8853,217476.48
1926.11157,2393.15803,29308.4415,55203.8414
2470.83228,2094.85692,28613.3936,93237.4387
1897.786,2993.28829,18566.4202,49466.1
2598.78253,2537.60291,16212.8529,190327.305
2632.05832,828.894403,45201.1366,209702.413
1809.2595,2726.40493,7216.83189,89959.0456
2022.02123,1605.81852,46816.7008,186592.705
2506.39916,1392.2316,10166.4923,112829.022
1931.57777,2585.14857,16165.8002,172791.098
1798.1236,3788.86638,13591.0197,152692.75
2414.65022,2306.73958,10217.6181,122148.496
2482.50315,1438.84588,35754.8242,186356.67
2506.44227,3242.21314,41497.5327,69252.8286
2275.85091,3843.99605,27966.539,230183.103
2130.39869,1450.70929,43685.398,144611.999
1809.67985,3829.39574,7417.58798,179688.922
2094.21115,3080.04223,44285.663,45745.5253
2496.15786,2190.60128,16320.8761,245577.169
2546.48235,993.152,47083.9272,212172.758
2129.86454,839.976181,11049.5611,57960.6746
2244.67279,864.563197,47286.1545,173403.124
2003.07964,1194.93442,16181.9567,152784.672
2346.50884,1676.66843,19668.7107,230012.321
1940.20455,3004.09554,13981.0743,191057.306
2218.97933,1428.78342,14330.9944,57135.5958
2621.48233,2543.48108,8000.1845,201774.872
2359.42474,2878.20243,49306.3095,93676.4045
1839.2035,3298.4959,27865.1567,124883.217
2305.16909,3774.75011,39080.6084,109271.015
1728.33481,3951.15648,42189.4586,169980.814
2110.77628,1566.74459,19542.373,194877.624
2284.85701,3975.26696,18734.6286,125683.379
2322.41166,1338.49106,46707.2851,186765.702
2187.72124,3724.11698,28091.5564,79459.1898
2399.29707,1863.48696,46020.6069,151196.75
2510.68203,2230.73478,6579.67569,220204.781
2212.58,1188.25219,25111.861,121201.761
2211.9779,2151.93601,26809.8903,241216.167
2203.07825,3844.17741,19647.2204,238293.126
2477.84413,1472.56181,47226.9399,104104.302
1861.35944,2812.57673,48646.2743,151258.491
1828.66233,1196.53809,23256.2027,76115.9846
2099.40275,1918.51428,24039.9923,209367.938
2116.55159,3299.0796,43917.1096,72440.5197
2119.32871,3827.10427,34961.959,238944.236
2036.57838,1970.0615,8800.86524,139024.92
2580.97359,3539.92428,20183.2374,161820.93
2109.78906,1194.54347,27981.7806,118748.309
1995.00947,1253.41637,27628.0082,140957.846
2163.8124,1571.23938,42360.0045,188882.639
2079.38183,1408.85577,28699.8613,101631.438
1911.59754,3450.7377,40663.4128,183777.296
1910.98478,1656.5869,28626.0139,200601.694
1915.10847,1634.51178,30713.066,164316.361
2568.29258,1558.39361,50062.6602,67974.5453
2626.20582,3538.73034,49629.515,217846.949
2643.25864,1935.45688,7269.60492,88930.483
1962.58522,2993.00412,33886.4478,204806.342
2170.26526,1734.64821,27240.6889,103945.096
2603.84891,1560.88764,25101.2973,105788.717
2575.67128,2237.86819,13479.6254,132074.363
1905.90115,3663.94964,6402.85039,123544.778
2382.52085,1765.56429,26982.3003,236422.926
2488.13695,2822.31933,15863.1906,133021.509
1856.77252,3024.65938,45296.5451,116763.164
1721.87811,3121.19632,7312.3502,102726.651
1719.79961,886.36096,48534.4923,183934.938
1882.51439,938.851793,49581.3718,118539.814
2592.74199,826.498995,45268.3301,178440.571
2570.50416,1062.32256,35982.6472,167408.538
2188.30865,2480.27914,12563.1693,181320.789
1965.11178,1637.02975,29630.8318,146366.582
1891.69202,1943.83879,22086.9818,200427.745
1726.78307,3034.0708,43690.3495,65196.1962
2092.00158,2048.45661,42175.2616,76420.8196
2111.09076,1605.68828,40465.0903,101275.347
2200.19954,3281.84494,8973.74746,167847.682
2525.43961,2133.09256,39789.6929,181959.916
2202.73192,2383.78109,19158.8304,44843.1824
2216.17455,1027.71273,11265.0431,247002.609
2049.10802,3535.29318,35378.5163,82030.9266
2186.41546,1784.76109,40169.7941,172470.248
2653.72959,1144.03138,16595.8643,114345.965
1973.93693,1620.55567,17016.2117,144323.482
2650.13173,2040.90304,40638.7384,173471.618
1944.88178,2745.88043,42568.0023,131321.164
2173.54316,2681.74735,35277.8542,139557.701
1822.07489,2967.92878,24886.0733,141256.541
1828.65171,950.913295,40722.0217,37305.0303
2118.41835,865.072168,17372.7627,224854.623
1732.80197,1119.57991,30236.6314,92082.0453
2228.07264,3951.1985,8097.06158,65904.1784
2347.04837,2735.01764,34329.4317,49350.698
2622.88529,2559.29465,49269.4756,153814.609
2067.79178,833.485856,40400.4435,217453.509
2348.05618,2799.26524,38948.0705,53747.0125
1877.095,898.637514,32736.612,157716.845
1997.74969,3264.49554,25605.3001,58502.2212
2464.91058,1524.14273,35845.9592,104848.633
1998.62803,1446.83767,49060.2343,184526.437
2218.35144,3835.21839,25771.2632,209645.545
2290.58137,3895.49045,25335.6466,86206.2823
2311.45465,1528.85837,14629.3934,250148.099
2370.44133,2322.14688,42556.7104,153486.917
2358.85144,2298.44828,16433.9096,177301.469
2642.21439,2779.36579,13832.0671,129913.13
2350.98722,1537.05198,34048.0568,225417.652
2673.34329,2308.0651,46961.7375,31545.0036
2202.3355,1697.66613,12210.2587,32164.472
2065.84237,1901.74413,33185.7554,147024.548
1875.71026,1091.49065,8532.42274,54545.4864
2343.63852,892.320214,28367.8703,147016.88
2137.68568,2437.43072,45150.1303,133747.674
2668.56222,1341.23189,26602.3728,42735.0857
1779.78544,3981.62829,25752.1357,214980.987
2677.20897,2477.10169,31814.6302,174211.71
2405.67964,3154.29558,9435.63395,142228.238
2179.40049,926.278995,48360.9077,104475.76
1752.14665,2188.3481,19073.5744,68628.8594
2381.51525,1956.6636,30488.8331,135329.824
1735.35504,2467.98549,36795.82,176585.996
1842.97148,876.349204,23163.5147,242913.881
2348.4301,3170.46937,24229.7159,146461.011
2411.26456,4054.73069,36259.8813,243445.815
2256.84956,1282.61148,33821.8905,220844.972
1739.17098,3297.93675,44567.8626,104425.124
2501.54468,3566.91548,34499.2734,117327.235
1787.23397,2008.13664,33075.8816,67426.5134
2253.8082,1206.95337,41335.4042,164214.322
2431.21681,3383.44024,13460.5929,250228.245
1737.59613,3303.45985,8000.02543,46172.7208
2388.05067,1591.16643,36012.4888,237289.148
2527.70377,2073.08763,25080.0851,234966.921
2002.56836,3769.46896,12248.428,213933.917
1810.81101,3800.21518,9334.41676,78103.9648
2064.51032,3997.62734,22879.6459,174478.181
1795.49218,3334.96646,39125.1627,120513.241
2415.56652,2063.34177,41251.1362,223521.587
2059.88623,3184.84645,34802.3113,189689.863
2044.78701,3246.77139,7231.59701,206694.039
2101.33957,2050.109,9270.66694,232851.051
2445.53349,3440.1564,17325.1835,34027.6855
2192.95126,1525.57853,30856.7047,118356.628
2663.23153,2347.64727,37447.3134,142662.798
2291.98516,3776.64766,26401.371,232425.62
2460.51507,1731.77746,39018.2204,150393.381
2261.32376,2652.58784,21638.492,87591.5395
2138.23982,3523.99051,9718.14661,39591.0632
1943.6325,818.436198,7164.39598,163844.578
2142.81866,2053.01771,35989.6943,62074.4564
2313.60182,2698.80409,14909.2325,36258.5857
2450.82262,3445.81539,34941.289,98126.6098
2083.76476,2184.19032,33161.7606,186583.573
2316.97861,3095.25773,41344.5364,89077.6448
1850.58208,2663.25029,45115.2675,43778.5954
2562.74096,3519.1038,6924.3587,201429.966
2405.43518,1995.67173,33799.2607,65823.4025
1938.98239,842.218429,41883.566,131294.419
1809.98384,1601.81358,21096.7139,215370.97
2131.36776,2344.06763,27853.2354,198176.808
1966.52812,3289.4778,46587.9927,37827.0096
2669.1584,3098.24495,46971.0958,167038.718
1742.46068,3434.20851,48562.8728,49617.6781
1957.44206,3021.04497,33169.5549,50399.1451
1973.74989,3495.24701,24929.7774,115248.106
1967.37819,3031.79237,31698.9792,82823.3198
2006.64094,964.651873,38179.8081,38900.4648
2311.96229,1280.86373,21188.0932,239810.282
2186.58227,4032.83105,17259.3475,69031.9216
2362.03095,3049.93406,26773.331,163528.468
2043.80183,2290.55825,11805.218,31925.4478
2375.06302,1458.17013,17746.8485,139833.838
2339.91897,3626.1616,27521.439,125774.85
2503.90051,1587.36929,17050.5261,229721.417
2651.88571,1590.16918,9523.11495,233340.826
2620.84777,1345.53451,39723.1143,75771.168
2649.91994,3070.44526,26257.3874,33149.579
2104.42208,1103.16874,37664.5657,141476.934
2649.47006,2297.55933,7806.29542,147292.912
1851.7103,2271.51001,46085.8695,188603.246
2123.83468,4022.41344,19943.3438,121577.711
1845.93937,3753.62883,21481.0774,35031.3174
1951.23495,1954.47267,38078.3933,183735.165
2456.05334,3444.8264,30425.6348,140641.585
2516.28529,1017.68859,31165.1782,116808.75
1974.41994,973.684142,47422.2394,62020.2358
2017.05038,1425.07111,40713.1619,111472.514
2625.16452,3731.35917,31912.6996,213155.039
2424.77735,1817.5818,38751.2006,247837.225
2393.87197,3739.2007,7371.3155,116021.325
2659.72959,1766.97568,35873.0054,162442.954
1994.98743,3336.92532,22191.5719,56166.1391
2299.39098,2701.71907,45409.1025,174708.651
1772.06302,2481.88098,39297.5378,240670.345
2296.71459,2297.80716,45299.6376,205831.557
2626.44529,2255.68471,40938.292,102562.361
1750.33364,1727.56859,21562.386,173495.689
1763.39037,1399.91586,20432.7954,180192.158
2681.31116,1712.9254,44000.2252,236918.686
2634.83627,3409.16304,36370.0621,205301.514
2387.11362,2182.76179,7770.81594,162946.372
2394.65574,3623.08186,44347.2588,141599.161
2141.55719,1058.53707,41103.5274,214049.575
2041.27227,889.912292,35933.9667,223060.659
1994.79791,2127.95655,10709.4262,64900.749
2006.68679,3279.67413,36740.6842,93342.7342
1883.31695,1899.60878,11953.8684,135247.889
1801.67535,1879.43866,13225.8246,158160.345
2631.2782,1524.38529,43614.3565,192976.398
2426.01642,1166.77305,39152.3106,44526.1666
2452.3328,2911.92229,14154.0271,229820.861
2522.38246,3291.35732,28756.9473,157894.011
2396.96257,3194.00525,18514.2367,197649.241
2644.93506,2333.84673,39482.6337,33891.2277
1991.63205,3499.66887,43690.1195,138204.81
1729.25308,2910.14517,26132.6622,52213.9242
2305.40008,2037.5645,49984.3092,123482.266
1944.73799,2328.37475,30119.7351,223408.787
2335.27181,2609.43679,30839.9373,84332.5919
2630.65633,2069.76232,42942.2659,193227.823
2039.32904,1317.22122,17222.3788,244359.179
2396.72921,2963.73635,28927.6749,239432.55
2119.72397,1738.03937,43046.1253,64368.3599
1718.96455,986.513551,39029.7216,217411.209
2274.08692,2502.7568,48833.3384,114510.725
2304.67426,3325.87197,23164.6027,137384.17
2643.54782,3044.69621,16172.0258,173085.066
2301.32768,3193.89739,19157.1398,63064.2381
2637.83571,2537.76921,25741.8236,78755.6062
2306.51187,2542.62781,21744.7839,166125.485
2164.71289,2737.76299,48221.191,97211.9828
2440.7327,3412.70975,49124.6579,171702.042
1822.40574,3221.72309,43125.0972,39496.8989
2678.18454,1932.99052,39143.7929,140851.442
2455.77204,2575.87086,46695.6092,86114.6538
2349.46542,2958.13462,29466.9598,133983.732
1749.91715,1915.57305,32778.9186,139453.982
2680.72393,3186.21102,45169.9115,87338.475
2028.71203,1903.92145,23011.4271,109839.783
2179.61383,877.301132,10035.5406,248512.547
1962.98083,3312.08207,9700.2569,106157.418
2485.41877,3581.19739,10416.9609,44445.4168
2139.70418,3431.58398,21615.132,43481.9112
2210.4096,3534.64428,49688.9688,39781.5505
2041.86153,3080.1797,47297.2772,99401.7776
2353.74409,3040.43611,17515.2357,163485.836
2667.36502,2413.51632,22100.7499,60916.94
2368.0127,2043.36364,42222.7736,188585.069
2292.14901,3819.32056,47846.152,66474.3846
1912.45603,2870.41737,19209.6001,74726.1979
2544.51537,1868.31731,42632.5601,111304.41
1821.18607,3706.52609,33033.1697,57517.9427
2315.36618,1021.02915,15820.9351,154255.395
1718.92091,3402.08234,6306.60232,179123.309
2316.84061,1760.14275,32778.351,39223.4493
2537.8465,3075.61976,41367.0512,124553.075
2599.28021,939.929145,33430.6337,108836.604
2353.23179,2972.07659,23749.2556,226047.956
1723.82751,1386.08947,35842.2612,109775.097
2462.80656,2459.90722,10281.6273,183488.474
2397.05468,2406.14087,45649.4038,141454.886
2417.62611,2123.5576,34296.1581,46301.5479
2216.13758,2555.84457,29101.1261,134282.952
2567.53785,886.887068,48172.1251,243728.733
2427.33441,2437.10903,11973.8916,75565.8355
2353.69109,1414.73318,46608.3026,196814.215
2010.4752,2779.75823,44705.4508,59673.2442
2312.88025,2686.76395,40093.9006,190786.789
2297.27355,3817.53493,6287.70597,78836.7374
2162.70015,4022.19691,15263.8715,100113.679
2116.42189,1166.60721,16752.966,96765.9605
1923.47277,2394.7459,36551.7442,52619.6048
1813.67043,1041.77324,8122.31853,93718.9784
2610.46116,3882.19085,18685.3794,100365.617
2592.98618,2784.09578,31837.0436,46635.7606
2498.17549,3136.98442,13192.9807,231619.471
2683.051,1293.6111,17362.424,114320.979
2362.05041,2828.82644,19718.497,249611.03
2086.06123,2061.2964,6336.72927,85072.5746
1891.58302,3455.8813,22820.0476,53664.9972
2112.85092,2319.39054,28142.4043,166593.838
1973.01695,3383.10402,11622.9879,86367.7638
1944.95166,1197.95288,14631.9535,235233.743
2659.39972,4033.79112,33579.1823,244184.136
1981.58865,2954.12676,48656.0013,50230.74
2360.64896,2772.57947,16764.1551,228586.457
1814.3259,2891.3662,35656.3433,53932.7432
2431.6144,1884.30907,9817.50543,84935.6927
2062.31454,2347.07211,30385.4594,95706.7445
2633.13457,3364.91151,21195.9287,55553.073
2318.31005,2544.56711,8144.96114,151928.754
2396.07549,3934.93227,30543.6559,127831.63
2656.47226,1241.58633,29640.95,219639.126
2113.97474,1440.35868,19146.5177,148655.083
2218.97778,3252.64142,10351.2992,93176.0563
1901.26008,3046.20414,13134.4985,75465.1172
2146.52246,865.507571,44383.174,79898.9145
2419.89333,2075.58714,35606.2721,131374.058
1955.89095,3298.83278,10094.9585,244288.359
2142.93995,3231.8614,49700.7379,125500.857
2127.73677,1302.56256,16534.2782,166098.395
2291.07382,1160.33493,8482.14604,218304.48
2355.25408,1194.17772,11470.2459,83445.4069
2476.18331,2587.54129,37029.8509,171635.246
2582.67829,2139.57489,14128.1416,189906.614
1760.28363,1244.99768,32495.3175,178571.842
2608.87122,1975.19335,25316.7136,250237.4
1952.40563,2883.69075,13219.1798,228066.827
2366.83663,3400.33012,35193.4079,79602.6108
1926.23572,1118.1998,33460.5323,62429.1146
1717.93328,3901.35936,31939.0626,249626.97
2631.77472,2256.44966,21579.9813,68175.3493
2528.55993,2925.25139,49717.0806,47775.3518
2491.71577,3861.3729,26903.9348,229773.159
1913.95818,978.114939,25683.4352,137578.965
2631.9612,2697.08152,35601.7828,190662.707
2389.75062,2972.36054,20433.2782,195255.112
2359.29278,1283.55295,43563.1854,121019.068
2434.52467,1584.45326,30886.3515,183922.249
2573.86944,3529.53181,34054.1914,181848.321
2617.98473,2422.87336,43141.791,165282.992
1916.60003,3350.70571,18685.062,43634.0746
2652.23536,3427.53764,48732.7935,42542.3001
2176.51402,2808.56131,28420.3177,214149.754
2129.65786,3481.45211,25112.472,64167.3672
1848.31595,3598.57086,8172.75484,213823.581
1814.20288,4032.64344,10987.3602,218559.624
2595.1972,2954.71392,27445.8998,230521.683
1986.93462,1679.8759,9877.27139,135694.592
1865.62922,1152.39308,44725.7378,111560.354
2667.24499,2742.00924,30676.3004,187547.923
1899.48555,1479.25072,48630.3606,154503.472
2559.54124,3252.52724,41177.7111,32287.008
2365.45544,3495.87717,41665.9059,114988.357
2113.02732,3132.15076,41160.9761,86402.2644
2675.90729,2410.59774,47566.7857,160329.317
2075.9541,1413.53187,34672.4551,135760.061
2185.44193,3461.64962,47535.2545,62252.1444
1741.21913,2250.84819,17072.2549,112872.47
1890.85651,1741.1512,42075.7628,131694.147
2674.55841,2572.61998,49765.3447,49997.0147
2196.80868,1822.66846,38343.7573,215420.755
1775.17482,1120.03888,41453.0159,161326.967
2178.41359,910.810635,34181.8669,32506.249
2143.14811,1223.00258,44911.089,66976.2263
2193.63023,3684.38247,13049.3434,78276.3905
2679.4825,3615.10407,25216.304,71888.0989
2140.06351,1048.93127,30034.992,144242.581
1802.81299,2897.17795,12875.6154,62690.5167
2355.6638,2030.41577,16839.2559,130675.122
1884.84841,2940.85731,22647.9351,79824.5743
2288.47343,2473.59962,14768.1033,58999.1774
1767.39964,2095.57456,24921.1334,47217.761
2017.93332,1701.4644,16112.2719,115366.2
1849.00774,3894.60438,50039.3445,129666.792
2263.08078,3077.76873,27183.7241,139585.75
2001.767,838.801393,49224.018,58154.8714
1944.09162,2849.86251,26915.1692,101408.516
2588.55477,1345.23386,8854.86281,112014.233
1867.98075,3733.24294,44867.9836,111849.524
2450.74147,3513.38308,22360.589,153752.61
2331.28091,1379.91993,41626.8655,44966.0935
2070.22925,1463.24262,12031.6582,119438.021
2036.63799,855.977042,12827.732,136687.322
2384.24038,1881.11707,30293.5602,195357.35
2027.12727,3176.14379,18571.1692,207802.477
2085.59611,1855.6367,20655.5834,137213.649
2627.54056,1597.87086,14131.3276,172889.098
1829.91056,2516.54594,26735.3943,80104.023
2166.33352,2454.47417,33238.3111,66292.3601
1878.57812,2262.30968,43837.4446,44274.9723
